#include <cstdint>

extern const unsigned char g_paper_shadow_p4_model_data[];
alignas(16) const unsigned char g_paper_shadow_p4_model_data[] = {
  0x1c, 0x00, 0x00, 0x00, 0x54, 0x46, 0x4c, 0x33, 0x14, 0x00, 0x20, 0x00,
  0x1c, 0x00, 0x18, 0x00, 0x14, 0x00, 0x10, 0x00, 0x0c, 0x00, 0x00, 0x00,
  0x08, 0x00, 0x04, 0x00, 0x14, 0x00, 0x00, 0x00, 0x1c, 0x00, 0x00, 0x00,
  0xb0, 0x00, 0x00, 0x00, 0x30, 0x01, 0x00, 0x00, 0xac, 0x1a, 0x00, 0x00,
  0xbc, 0x1a, 0x00, 0x00, 0x94, 0x5d, 0x00, 0x00, 0x03, 0x00, 0x00, 0x00,
  0x01, 0x00, 0x00, 0x00, 0x10, 0x00, 0x00, 0x00, 0x00, 0x00, 0x0a, 0x00,
  0x10, 0x00, 0x0c, 0x00, 0x08, 0x00, 0x04, 0x00, 0x0a, 0x00, 0x00, 0x00,
  0x0c, 0x00, 0x00, 0x00, 0x1c, 0x00, 0x00, 0x00, 0x5c, 0x00, 0x00, 0x00,
  0x0f, 0x00, 0x00, 0x00, 0x73, 0x65, 0x72, 0x76, 0x69, 0x6e, 0x67, 0x5f,
  0x64, 0x65, 0x66, 0x61, 0x75, 0x6c, 0x74, 0x00, 0x02, 0x00, 0x00, 0x00,
  0x24, 0x00, 0x00, 0x00, 0x04, 0x00, 0x00, 0x00, 0x54, 0xff, 0xff, 0xff,
  0x2c, 0x00, 0x00, 0x00, 0x04, 0x00, 0x00, 0x00, 0x08, 0x00, 0x00, 0x00,
  0x6f, 0x75, 0x74, 0x70, 0x75, 0x74, 0x5f, 0x31, 0x00, 0x00, 0x00, 0x00,
  0x70, 0xff, 0xff, 0xff, 0x2d, 0x00, 0x00, 0x00, 0x04, 0x00, 0x00, 0x00,
  0x08, 0x00, 0x00, 0x00, 0x6f, 0x75, 0x74, 0x70, 0x75, 0x74, 0x5f, 0x30,
  0x00, 0x00, 0x00, 0x00, 0x01, 0x00, 0x00, 0x00, 0x04, 0x00, 0x00, 0x00,
  0x0a, 0xe6, 0xff, 0xff, 0x04, 0x00, 0x00, 0x00, 0x05, 0x00, 0x00, 0x00,
  0x69, 0x6d, 0x61, 0x67, 0x65, 0x00, 0x00, 0x00, 0x03, 0x00, 0x00, 0x00,
  0x5c, 0x00, 0x00, 0x00, 0x2c, 0x00, 0x00, 0x00, 0x04, 0x00, 0x00, 0x00,
  0xb8, 0xff, 0xff, 0xff, 0x31, 0x00, 0x00, 0x00, 0x04, 0x00, 0x00, 0x00,
  0x13, 0x00, 0x00, 0x00, 0x43, 0x4f, 0x4e, 0x56, 0x45, 0x52, 0x53, 0x49,
  0x4f, 0x4e, 0x5f, 0x4d, 0x45, 0x54, 0x41, 0x44, 0x41, 0x54, 0x41, 0x00,
  0xdc, 0xff, 0xff, 0xff, 0x30, 0x00, 0x00, 0x00, 0x04, 0x00, 0x00, 0x00,
  0x13, 0x00, 0x00, 0x00, 0x6d, 0x69, 0x6e, 0x5f, 0x72, 0x75, 0x6e, 0x74,
  0x69, 0x6d, 0x65, 0x5f, 0x76, 0x65, 0x72, 0x73, 0x69, 0x6f, 0x6e, 0x00,
  0x08, 0x00, 0x0c, 0x00, 0x08, 0x00, 0x04, 0x00, 0x08, 0x00, 0x00, 0x00,
  0x2f, 0x00, 0x00, 0x00, 0x04, 0x00, 0x00, 0x00, 0x13, 0x00, 0x00, 0x00,
  0x6d, 0x69, 0x6e, 0x5f, 0x72, 0x75, 0x6e, 0x74, 0x69, 0x6d, 0x65, 0x5f,
  0x76, 0x65, 0x72, 0x73, 0x69, 0x6f, 0x6e, 0x00, 0x32, 0x00, 0x00, 0x00,
  0x78, 0x19, 0x00, 0x00, 0x6c, 0x19, 0x00, 0x00, 0x58, 0x19, 0x00, 0x00,
  0x28, 0x19, 0x00, 0x00, 0x14, 0x19, 0x00, 0x00, 0xec, 0x18, 0x00, 0x00,
  0x7c, 0x18, 0x00, 0x00, 0x2c, 0x16, 0x00, 0x00, 0xbc, 0x15, 0x00, 0x00,
  0xd4, 0x14, 0x00, 0x00, 0x64, 0x14, 0x00, 0x00, 0xf4, 0x10, 0x00, 0x00,
  0x54, 0x10, 0x00, 0x00, 0x00, 0x0f, 0x00, 0x00, 0x60, 0x0e, 0x00, 0x00,
  0xf0, 0x0a, 0x00, 0x00, 0x80, 0x0a, 0x00, 0x00, 0x98, 0x09, 0x00, 0x00,
  0x28, 0x09, 0x00, 0x00, 0xd8, 0x06, 0x00, 0x00, 0x68, 0x06, 0x00, 0x00,
  0x80, 0x05, 0x00, 0x00, 0x10, 0x05, 0x00, 0x00, 0xe0, 0x03, 0x00, 0x00,
  0xa0, 0x03, 0x00, 0x00, 0x24, 0x03, 0x00, 0x00, 0xe4, 0x02, 0x00, 0x00,
  0x44, 0x02, 0x00, 0x00, 0x04, 0x02, 0x00, 0x00, 0x88, 0x01, 0x00, 0x00,
  0x48, 0x01, 0x00, 0x00, 0x2c, 0x01, 0x00, 0x00, 0x24, 0x01, 0x00, 0x00,
  0x1c, 0x01, 0x00, 0x00, 0x14, 0x01, 0x00, 0x00, 0x0c, 0x01, 0x00, 0x00,
  0x04, 0x01, 0x00, 0x00, 0xfc, 0x00, 0x00, 0x00, 0xf4, 0x00, 0x00, 0x00,
  0xec, 0x00, 0x00, 0x00, 0xe4, 0x00, 0x00, 0x00, 0xdc, 0x00, 0x00, 0x00,
  0xd4, 0x00, 0x00, 0x00, 0xcc, 0x00, 0x00, 0x00, 0xc4, 0x00, 0x00, 0x00,
  0xbc, 0x00, 0x00, 0x00, 0xb4, 0x00, 0x00, 0x00, 0x94, 0x00, 0x00, 0x00,
  0x74, 0x00, 0x00, 0x00, 0x04, 0x00, 0x00, 0x00, 0x6e, 0xe7, 0xff, 0xff,
  0x04, 0x00, 0x00, 0x00, 0x60, 0x00, 0x00, 0x00, 0x0c, 0x00, 0x00, 0x00,
  0x08, 0x00, 0x0e, 0x00, 0x08, 0x00, 0x04, 0x00, 0x08, 0x00, 0x00, 0x00,
  0x10, 0x00, 0x00, 0x00, 0x28, 0x00, 0x00, 0x00, 0x00, 0x00, 0x06, 0x00,
  0x08, 0x00, 0x04, 0x00, 0x06, 0x00, 0x00, 0x00, 0x04, 0x00, 0x00, 0x00,
  0x01, 0x00, 0x00, 0x00, 0xeb, 0x03, 0x00, 0x00, 0x0c, 0x00, 0x18, 0x00,
  0x14, 0x00, 0x10, 0x00, 0x0c, 0x00, 0x04, 0x00, 0x0c, 0x00, 0x00, 0x00,
  0x82, 0x33, 0xb5, 0x61, 0x53, 0x96, 0xb9, 0x38, 0x02, 0x00, 0x00, 0x00,
  0x02, 0x00, 0x00, 0x00, 0x04, 0x00, 0x00, 0x00, 0x06, 0x00, 0x00, 0x00,
  0x32, 0x2e, 0x31, 0x37, 0x2e, 0x31, 0x00, 0x00, 0xda, 0xe7, 0xff, 0xff,
  0x04, 0x00, 0x00, 0x00, 0x10, 0x00, 0x00, 0x00, 0x00, 0x00, 0x00, 0x00,
  0x00, 0x00, 0x00, 0x00, 0x00, 0x00, 0x00, 0x00, 0x00, 0x00, 0x00, 0x00,
  0xf6, 0xe7, 0xff, 0xff, 0x04, 0x00, 0x00, 0x00, 0x10, 0x00, 0x00, 0x00,
  0x31, 0x2e, 0x31, 0x34, 0x2e, 0x30, 0x00, 0x00, 0x00, 0x00, 0x00, 0x00,
  0x00, 0x00, 0x00, 0x00, 0xf8, 0xe7, 0xff, 0xff, 0xfc, 0xe7, 0xff, 0xff,
  0x00, 0xe8, 0xff, 0xff, 0x04, 0xe8, 0xff, 0xff, 0x08, 0xe8, 0xff, 0xff,
  0x0c, 0xe8, 0xff, 0xff, 0x10, 0xe8, 0xff, 0xff, 0x14, 0xe8, 0xff, 0xff,
  0x18, 0xe8, 0xff, 0xff, 0x1c, 0xe8, 0xff, 0xff, 0x20, 0xe8, 0xff, 0xff,
  0x24, 0xe8, 0xff, 0xff, 0x28, 0xe8, 0xff, 0xff, 0x2c, 0xe8, 0xff, 0xff,
  0x30, 0xe8, 0xff, 0xff, 0x4e, 0xe8, 0xff, 0xff, 0x04, 0x00, 0x00, 0x00,
  0x0c, 0x00, 0x00, 0x00, 0x81, 0x7f, 0x81, 0x81, 0x7f, 0x81, 0x7f, 0x7f,
  0x81, 0x81, 0x81, 0x7f, 0x66, 0xe8, 0xff, 0xff, 0x04, 0x00, 0x00, 0x00,
  0x30, 0x00, 0x00, 0x00, 0xc5, 0xfe, 0xff, 0xff, 0x71, 0x02, 0x00, 0x00,
  0xd5, 0x02, 0x00, 0x00, 0x5c, 0x01, 0x00, 0x00, 0x06, 0xfe, 0xff, 0xff,
  0xd3, 0xfe, 0xff, 0xff, 0xee, 0x00, 0x00, 0x00, 0x9a, 0x04, 0x00, 0x00,
  0x0f, 0x00, 0x00, 0x00, 0xc4, 0x03, 0x00, 0x00, 0x39, 0xff, 0xff, 0xff,
  0xfe, 0x00, 0x00, 0x00, 0xa2, 0xe8, 0xff, 0xff, 0x04, 0x00, 0x00, 0x00,
  0x6c, 0x00, 0x00, 0x00, 0xe8, 0x3b, 0x8a, 0xbd, 0x28, 0x81, 0x11, 0xdc,
  0x7f, 0xe8, 0x0c, 0xcd, 0x3c, 0x04, 0xb4, 0x2d, 0x7f, 0x79, 0x95, 0xd6,
  0xe2, 0x96, 0x12, 0xdf, 0xf5, 0xba, 0x25, 0xa8, 0x5c, 0x57, 0x81, 0x7f,
  0x5c, 0xb7, 0xa7, 0xd6, 0xde, 0x7f, 0x9f, 0x84, 0xdb, 0x15, 0x29, 0x02,
  0x91, 0x81, 0x14, 0xdd, 0xd7, 0xf3, 0x81, 0x96, 0x13, 0xbe, 0x45, 0x6e,
  0x5c, 0xf2, 0x81, 0x81, 0xb2, 0xe3, 0x30, 0xdb, 0x26, 0x6e, 0x2f, 0xdd,
  0x54, 0xa5, 0x23, 0xeb, 0xc8, 0x02, 0xe5, 0xa5, 0xb7, 0x1d, 0x3a, 0xb5,
  0xc5, 0xef, 0xe9, 0xd7, 0x81, 0x08, 0xb6, 0x1b, 0x03, 0xe6, 0x92, 0xe5,
  0x30, 0xcb, 0x82, 0xda, 0xd2, 0x23, 0x19, 0x81, 0x5e, 0x25, 0xa9, 0xc9,
  0x2e, 0xf9, 0xcd, 0xe5, 0x1a, 0xe9, 0xff, 0xff, 0x04, 0x00, 0x00, 0x00,
  0x30, 0x00, 0x00, 0x00, 0x6d, 0x1a, 0x00, 0x00, 0x84, 0xf8, 0xff, 0xff,
  0xb6, 0x2b, 0x00, 0x00, 0x0d, 0x1a, 0x00, 0x00, 0x52, 0xf5, 0xff, 0xff,
  0x20, 0xf0, 0xff, 0xff, 0x76, 0x03, 0x00, 0x00, 0x54, 0x01, 0x00, 0x00,
  0xd3, 0xe5, 0xff, 0xff, 0x4d, 0x2a, 0x00, 0x00, 0x9f, 0x1b, 0x00, 0x00,
  0x82, 0x24, 0x00, 0x00, 0x56, 0xe9, 0xff, 0xff, 0x04, 0x00, 0x00, 0x00,
  0x90, 0x00, 0x00, 0x00, 0xef, 0x5d, 0x00, 0xe4, 0xf9, 0xe3, 0x03, 0x23,
  0x7f, 0x94, 0xbf, 0x68, 0x81, 0x97, 0xa4, 0x58, 0xba, 0x19, 0x39, 0x0a,
  0xe8, 0xb4, 0xd3, 0x7a, 0xc5, 0xcf, 0xfd, 0x60, 0x24, 0x51, 0xf4, 0x7f,
  0xa8, 0xce, 0x23, 0xe9, 0x6f, 0x02, 0x23, 0xdf, 0x57, 0x01, 0x63, 0x9a,
  0xb9, 0x0b, 0x81, 0xf3, 0x51, 0x84, 0xf4, 0x2f, 0x91, 0x4e, 0xeb, 0xe9,
  0x1f, 0xb0, 0xe4, 0x7f, 0x2f, 0x77, 0x31, 0x81, 0x51, 0x8e, 0x15, 0x6c,
  0xbc, 0xcd, 0xe4, 0xb9, 0x06, 0x02, 0x81, 0x4d, 0x88, 0x09, 0xfb, 0x0f,
  0x42, 0x2b, 0xdc, 0x47, 0x01, 0x16, 0x81, 0x7d, 0x06, 0xa6, 0x09, 0xc8,
  0x68, 0x77, 0xba, 0x12, 0xee, 0xf9, 0xf2, 0xe2, 0x2a, 0x7f, 0xc1, 0x12,
  0x6d, 0xb0, 0xba, 0x63, 0x97, 0x25, 0x02, 0x0c, 0x49, 0x95, 0x19, 0x03,
  0x7e, 0x7f, 0x96, 0x4f, 0x42, 0x44, 0xdf, 0x21, 0x9d, 0x0b, 0xc1, 0x1b,
  0x11, 0x88, 0xa6, 0x7f, 0x00, 0xe5, 0xa0, 0xc7, 0x19, 0x9f, 0xe8, 0x0d,
  0x87, 0x81, 0x19, 0x42, 0xf2, 0xe9, 0xff, 0xff, 0x04, 0x00, 0x00, 0x00,
  0x30, 0x00, 0x00, 0x00, 0x83, 0xf8, 0xff, 0xff, 0xbb, 0x0f, 0x00, 0x00,
  0xf8, 0xfe, 0xff, 0xff, 0x40, 0x00, 0x00, 0x00, 0x82, 0x03, 0x00, 0x00,
  0x28, 0x0c, 0x00, 0x00, 0xc4, 0x04, 0x00, 0x00, 0xce, 0xff, 0xff, 0xff,
  0x2d, 0xef, 0xff, 0xff, 0xb0, 0xf7, 0xff, 0xff, 0x09, 0x03, 0x00, 0x00,
  0x53, 0x14, 0x00, 0x00, 0x2e, 0xea, 0xff, 0xff, 0x04, 0x00, 0x00, 0x00,
  0x6c, 0x00, 0x00, 0x00, 0xcf, 0xaa, 0x22, 0x8c, 0xd4, 0x56, 0x37, 0xc1,
  0xe5, 0xed, 0xfb, 0xcd, 0xca, 0x07, 0xe2, 0xd6, 0x90, 0x7f, 0x09, 0xec,
  0xac, 0xef, 0xea, 0x21, 0xf6, 0x06, 0xcf, 0x3a, 0x0e, 0x31, 0xf2, 0x7f,
  0xe7, 0x2c, 0xd3, 0x7f, 0xe6, 0x81, 0x08, 0x81, 0x08, 0x13, 0x7f, 0x22,
  0x32, 0xf3, 0xa2, 0xfb, 0x89, 0xbb, 0x86, 0xd5, 0x81, 0x3d, 0x26, 0x6c,
  0x81, 0x81, 0x81, 0xe5, 0x04, 0x1a, 0x81, 0x37, 0xe5, 0x79, 0x0b, 0xad,
  0xe2, 0x66, 0xb0, 0x3b, 0xc9, 0xcc, 0xee, 0xf0, 0xcd, 0xc4, 0x08, 0xbf,
  0x0e, 0x14, 0xbe, 0xf2, 0x81, 0xc0, 0xbe, 0xff, 0x1a, 0xda, 0x09, 0xfa,
  0x92, 0x51, 0x88, 0xf4, 0x90, 0x0e, 0xc9, 0x14, 0xe1, 0x91, 0xd9, 0x1e,
  0x4f, 0xda, 0xd8, 0xfe, 0xa6, 0xea, 0xff, 0xff, 0x04, 0x00, 0x00, 0x00,
  0x30, 0x00, 0x00, 0x00, 0x0f, 0x22, 0x00, 0x00, 0x27, 0x18, 0x00, 0x00,
  0xa9, 0x0e, 0x00, 0x00, 0xaf, 0x0c, 0x00, 0x00, 0xd7, 0x16, 0x00, 0x00,
  0x69, 0xf7, 0xff, 0xff, 0x4a, 0xf5, 0xff, 0xff, 0x70, 0xfd, 0xff, 0xff,
  0xe5, 0x0c, 0x00, 0x00, 0xf8, 0xfd, 0xff, 0xff, 0x42, 0x2c, 0x00, 0x00,
  0x92, 0xfb, 0xff, 0xff, 0xe2, 0xea, 0xff, 0xff, 0x04, 0x00, 0x00, 0x00,
  0x20, 0x01, 0x00, 0x00, 0x35, 0xfa, 0xa2, 0x18, 0x02, 0xa4, 0x3e, 0xe6,
  0x9d, 0xb8, 0x81, 0x1b, 0xc1, 0x60, 0x4b, 0x85, 0x7f, 0x17, 0xcf, 0x30,
  0x7c, 0x13, 0x3d, 0xc0, 0x9a, 0xe5, 0x27, 0xe0, 0x81, 0x10, 0x39, 0xbd,
  0xd0, 0xb3, 0x61, 0xe0, 0x26, 0x44, 0x0d, 0xe7, 0x4a, 0xba, 0x8f, 0x0b,
  0xa6, 0x36, 0x81, 0x4f, 0x29, 0x52, 0x14, 0xae, 0x1e, 0xcc, 0xbd, 0xba,
  0x7f, 0xc0, 0x77, 0xd7, 0x00, 0x1b, 0x14, 0xde, 0x30, 0x43, 0xb4, 0xf4,
  0xb2, 0x02, 0x81, 0xf4, 0x22, 0x2b, 0x3e, 0xf0, 0x9a, 0x0b, 0x7f, 0x16,
  0xb6, 0xbd, 0xc0, 0x29, 0xf3, 0x01, 0x20, 0x81, 0xe6, 0xcb, 0xe1, 0xcd,
  0x02, 0x10, 0xf0, 0x22, 0x28, 0x19, 0x94, 0xdb, 0xa0, 0x81, 0xe6, 0x60,
  0xaf, 0xd8, 0xea, 0x25, 0x8f, 0xaf, 0x10, 0x12, 0x72, 0x12, 0xe3, 0x07,
  0x81, 0x3b, 0xf0, 0xce, 0x27, 0xd7, 0x60, 0xaa, 0x27, 0xf9, 0x7f, 0xee,
  0xde, 0xf4, 0xa9, 0x2b, 0xe5, 0x41, 0x20, 0xca, 0x38, 0x2f, 0x81, 0x17,
  0xf7, 0x51, 0xf3, 0x27, 0x6b, 0x8b, 0x4a, 0x51, 0x0a, 0xef, 0x81, 0x87,
  0x39, 0x32, 0xff, 0x5d, 0xdd, 0x2c, 0x1f, 0x4b, 0x2e, 0x12, 0x7f, 0xaf,
  0xae, 0xbf, 0xfc, 0xf4, 0x71, 0x15, 0xfa, 0x7b, 0x0e, 0x2d, 0x81, 0x07,
  0x22, 0x3b, 0x35, 0x37, 0x23, 0x11, 0x81, 0x95, 0x4f, 0x07, 0xfd, 0x8a,
  0xa8, 0x86, 0xf3, 0x3c, 0xe8, 0xa1, 0x00, 0xce, 0x93, 0xa8, 0x11, 0xb2,
  0xee, 0x02, 0x1f, 0x81, 0xdf, 0xc6, 0xfe, 0xd0, 0x81, 0xe1, 0xd6, 0x31,
  0x69, 0x7b, 0xdf, 0xe6, 0xeb, 0x26, 0xed, 0xeb, 0x0e, 0x1a, 0x81, 0x48,
  0x5c, 0xc0, 0x6a, 0x24, 0x46, 0x81, 0x2c, 0xb3, 0xd6, 0xce, 0x85, 0x15,
  0x64, 0xb0, 0xf9, 0xeb, 0xe5, 0x95, 0x81, 0x12, 0x22, 0x5d, 0xcc, 0x3f,
  0x06, 0x3b, 0x0f, 0x44, 0x6c, 0x19, 0xb2, 0x22, 0x5e, 0xc3, 0x25, 0xe3,
  0x7f, 0xbe, 0x9d, 0xd0, 0xaa, 0xeb, 0x2a, 0x36, 0x8f, 0x81, 0xcd, 0x2a,
  0x22, 0xef, 0x36, 0x3b, 0xb7, 0xd4, 0xcb, 0xfb, 0x7f, 0xec, 0x06, 0xce,
  0xc8, 0x4b, 0x5c, 0xfe, 0x0e, 0xec, 0xff, 0xff, 0x04, 0x00, 0x00, 0x00,
  0x60, 0x00, 0x00, 0x00, 0x13, 0x11, 0x00, 0x00, 0xd9, 0xf0, 0xff, 0xff,
  0x07, 0x14, 0x00, 0x00, 0x9b, 0x06, 0x00, 0x00, 0xbf, 0xfc, 0xff, 0xff,
  0x5f, 0x0f, 0x00, 0x00, 0xb8, 0xff, 0xff, 0xff, 0x85, 0x0d, 0x00, 0x00,
  0xbf, 0x12, 0x00, 0x00, 0x8c, 0x0d, 0x00, 0x00, 0xc9, 0x05, 0x00, 0x00,
  0xc6, 0xfe, 0xff, 0xff, 0x01, 0x02, 0x00, 0x00, 0x41, 0xf6, 0xff, 0xff,
  0x02, 0xee, 0xff, 0xff, 0xea, 0x11, 0x00, 0x00, 0x9f, 0x21, 0x00, 0x00,
  0xf0, 0x0d, 0x00, 0x00, 0xc5, 0x00, 0x00, 0x00, 0x92, 0x14, 0x00, 0x00,
  0xf3, 0xfd, 0xff, 0xff, 0x18, 0xf9, 0xff, 0xff, 0x4c, 0x0a, 0x00, 0x00,
  0xcc, 0xfc, 0xff, 0xff, 0x7a, 0xec, 0xff, 0xff, 0x04, 0x00, 0x00, 0x00,
  0xd8, 0x00, 0x00, 0x00, 0x61, 0xbc, 0x81, 0x7c, 0x8a, 0x06, 0x11, 0xf1,
  0x3c, 0x1c, 0xa2, 0xd8, 0x23, 0xc3, 0x08, 0xa0, 0xc2, 0x1a, 0x81, 0x7f,
  0x00, 0xf4, 0x37, 0x81, 0xea, 0x62, 0xfe, 0x65, 0x7a, 0x38, 0x12, 0xea,
  0x31, 0xf5, 0xc1, 0xef, 0x62, 0xd5, 0xf5, 0x84, 0x7f, 0x4e, 0xbb, 0x75,
  0x01, 0x27, 0xd6, 0x96, 0xee, 0xf6, 0xec, 0xea, 0x38, 0xea, 0xf0, 0x25,
  0x08, 0xf9, 0x02, 0xb7, 0x6a, 0x38, 0x0a, 0xf9, 0x1b, 0x0b, 0xd9, 0x7c,
  0x81, 0xf1, 0x81, 0xef, 0x23, 0x51, 0x2c, 0x81, 0x81, 0x7f, 0xf7, 0xb2,
  0x00, 0x81, 0xb7, 0xf6, 0xa7, 0xbe, 0x7f, 0x81, 0xd1, 0x7f, 0x6a, 0x77,
  0x28, 0x81, 0x22, 0xac, 0x81, 0x7f, 0x02, 0x36, 0x32, 0x1e, 0x7f, 0x7f,
  0x7f, 0x07, 0x0b, 0xc6, 0x76, 0x4f, 0xf7, 0x99, 0xcf, 0x9f, 0x6e, 0x53,
  0x0c, 0x5d, 0x17, 0xd3, 0x9a, 0xeb, 0x00, 0x0a, 0x42, 0xdf, 0x00, 0x27,
  0x0e, 0xa5, 0xeb, 0x29, 0x7f, 0x8d, 0x6b, 0xad, 0x4e, 0x2b, 0xfd, 0x0a,
  0xb3, 0x20, 0xff, 0xf8, 0xad, 0xe2, 0xe8, 0xac, 0xe2, 0x01, 0x1c, 0x20,
  0x23, 0xd1, 0x7f, 0x7f, 0xe3, 0x7f, 0x16, 0x2b, 0xe1, 0x18, 0x22, 0x3c,
  0xc8, 0x1c, 0x09, 0x23, 0xcc, 0x30, 0xf9, 0x07, 0x26, 0xf1, 0xfb, 0x20,
  0xe4, 0xd2, 0x24, 0x44, 0x5f, 0xa9, 0xd9, 0x2d, 0x1c, 0x5f, 0x3d, 0x05,
  0xc1, 0xf1, 0x10, 0xce, 0xb1, 0xe9, 0x01, 0x0d, 0xf2, 0xa8, 0x00, 0x1d,
  0x06, 0xb3, 0x21, 0xfd, 0x26, 0xd1, 0xdb, 0x19, 0x3e, 0xf6, 0x2d, 0x52,
  0xdc, 0xdb, 0xde, 0x1a, 0x5e, 0xed, 0xff, 0xff, 0x04, 0x00, 0x00, 0x00,
  0x60, 0x00, 0x00, 0x00, 0xb7, 0x11, 0x00, 0x00, 0x70, 0xf4, 0xff, 0xff,
  0xf8, 0x08, 0x00, 0x00, 0x71, 0xfe, 0xff, 0xff, 0xce, 0xff, 0xff, 0xff,
  0x30, 0xfe, 0xff, 0xff, 0x90, 0xf7, 0xff, 0xff, 0x29, 0xf7, 0xff, 0xff,
  0xb1, 0xf1, 0xff, 0xff, 0xaa, 0x1c, 0x00, 0x00, 0x25, 0x04, 0x00, 0x00,
  0x05, 0xfc, 0xff, 0xff, 0x03, 0xe2, 0xff, 0xff, 0xf7, 0x06, 0x00, 0x00,
  0xaf, 0xf5, 0xff, 0xff, 0x07, 0x1a, 0x00, 0x00, 0x5e, 0xfc, 0xff, 0xff,
  0xa8, 0xf2, 0xff, 0xff, 0x98, 0xf7, 0xff, 0xff, 0x44, 0xcf, 0xff, 0xff,
  0x36, 0x15, 0x00, 0x00, 0xde, 0xff, 0xff, 0xff, 0xb1, 0x02, 0x00, 0x00,
  0x5b, 0x1d, 0x00, 0x00, 0xca, 0xed, 0xff, 0xff, 0x04, 0x00, 0x00, 0x00,
  0x40, 0x02, 0x00, 0x00, 0x81, 0x8a, 0x20, 0xa4, 0x13, 0xe4, 0xcc, 0x04,
  0xf2, 0xae, 0x22, 0xa3, 0x6c, 0xeb, 0xb2, 0xef, 0x23, 0x34, 0xd1, 0x2e,
  0xd9, 0x1c, 0x16, 0xdf, 0xe7, 0xe4, 0x20, 0xfb, 0xd1, 0x26, 0xe8, 0x0d,
  0x07, 0x02, 0xeb, 0x7f, 0xfa, 0x12, 0x0f, 0xf1, 0x1a, 0xed, 0x36, 0x2d,
  0x06, 0x0f, 0xa5, 0x04, 0x81, 0x0d, 0xf3, 0xfd, 0xce, 0x0c, 0x14, 0xcc,
  0xb8, 0xb7, 0xda, 0x46, 0x3a, 0x91, 0xb2, 0x09, 0xd3, 0xa6, 0xfb, 0xe0,
  0xa0, 0xb5, 0x16, 0x72, 0x55, 0xbd, 0x96, 0x49, 0x09, 0xa4, 0x7e, 0xd1,
  0x1d, 0xe9, 0x23, 0xcb, 0xd4, 0x87, 0xd6, 0x7f, 0x5e, 0x46, 0xa1, 0x45,
  0x73, 0x19, 0xe0, 0xf0, 0x07, 0x81, 0x56, 0x42, 0x17, 0x2e, 0xb8, 0x02,
  0x29, 0xde, 0xf5, 0xa9, 0x40, 0xf3, 0x16, 0xdc, 0xee, 0x0b, 0xe8, 0x73,
  0xf3, 0x48, 0x5e, 0x4e, 0x45, 0x6b, 0xec, 0xfa, 0x45, 0x24, 0xae, 0xab,
  0xdf, 0x30, 0x7a, 0xaa, 0x81, 0xfd, 0x47, 0x3b, 0xf1, 0xd8, 0xe9, 0xe7,
  0x41, 0x2c, 0x12, 0xf2, 0x14, 0x31, 0x23, 0x25, 0xee, 0xad, 0x2e, 0xd3,
  0xe9, 0x88, 0xf9, 0x16, 0x3c, 0xfb, 0x7f, 0x20, 0xd5, 0x1d, 0xfb, 0xee,
  0x9f, 0xd8, 0x37, 0x28, 0x9a, 0xc7, 0x4b, 0xe0, 0xf0, 0xeb, 0x7f, 0x17,
  0x2d, 0x02, 0xf8, 0xd3, 0x0a, 0xc9, 0x3a, 0xcf, 0x90, 0x49, 0xfd, 0x18,
  0xda, 0x0a, 0xdc, 0xd9, 0xe4, 0xe6, 0x9a, 0xd7, 0xb4, 0x9e, 0x14, 0xc0,
  0xed, 0x04, 0x18, 0xf9, 0x7e, 0xa5, 0x57, 0x57, 0xdd, 0xc0, 0xaf, 0xf5,
  0x27, 0xdc, 0xeb, 0x7f, 0xb0, 0x17, 0xf9, 0x68, 0xec, 0x70, 0xde, 0x25,
  0x0c, 0x7b, 0x7f, 0xf8, 0x11, 0x4f, 0x4a, 0xd5, 0x2e, 0xfc, 0xef, 0x8c,
  0x01, 0xb9, 0xbf, 0x15, 0x15, 0xa6, 0x7f, 0x75, 0x2c, 0xf9, 0xcd, 0x2d,
  0x6b, 0x51, 0xee, 0x43, 0x1b, 0xb1, 0x42, 0xec, 0x19, 0xbf, 0x16, 0x65,
  0xca, 0x19, 0x17, 0xf8, 0x12, 0x1c, 0x17, 0xcc, 0xf3, 0x74, 0xb8, 0x11,
  0x31, 0xb8, 0xd7, 0xba, 0xc7, 0x19, 0xcd, 0xcc, 0xcf, 0x1e, 0xc6, 0x15,
  0x82, 0xec, 0x46, 0x81, 0x4e, 0x86, 0x07, 0xb1, 0x6c, 0x34, 0x7b, 0x25,
  0xf6, 0xcb, 0xf0, 0xfe, 0x4e, 0xce, 0x08, 0x4d, 0x22, 0x5d, 0x2e, 0x81,
  0xaf, 0x6f, 0xb8, 0xcb, 0x3d, 0x1b, 0x1e, 0x33, 0x94, 0x7f, 0xca, 0x18,
  0xc9, 0xed, 0xe8, 0xd0, 0xf9, 0x97, 0x68, 0xd4, 0x31, 0x32, 0x0b, 0x34,
  0x2c, 0xf9, 0x28, 0x0f, 0x17, 0xc4, 0xbd, 0x64, 0xc2, 0xd0, 0x00, 0xe5,
  0xf2, 0xfa, 0x81, 0xb9, 0x1c, 0xd9, 0x12, 0x64, 0x0a, 0x3a, 0x5b, 0xcf,
  0xa5, 0xd1, 0x30, 0x5d, 0x4c, 0xb4, 0xb5, 0x3c, 0x81, 0xb7, 0xd7, 0xde,
  0x28, 0xce, 0xcb, 0xe3, 0xe4, 0x00, 0x0c, 0x7a, 0x26, 0x43, 0xa5, 0xfc,
  0x10, 0xe0, 0xca, 0x16, 0x4e, 0x79, 0x44, 0x09, 0x2d, 0x7f, 0x39, 0xe0,
  0xca, 0xbd, 0x44, 0xb9, 0xad, 0x47, 0x05, 0x03, 0xfb, 0x11, 0x4a, 0xa4,
  0xed, 0xe1, 0xce, 0xd8, 0xcc, 0x45, 0x3d, 0x56, 0x0f, 0xd3, 0x81, 0x2e,
  0x02, 0xdf, 0x06, 0x36, 0x3e, 0xec, 0x1d, 0x20, 0xca, 0x32, 0x71, 0x22,
  0xcf, 0xd8, 0xd6, 0x1b, 0x57, 0x30, 0x28, 0x72, 0xee, 0xf7, 0xee, 0x2f,
  0xec, 0x44, 0x3e, 0x0b, 0xaf, 0xf6, 0x54, 0x81, 0x22, 0xce, 0x6f, 0x50,
  0x26, 0xcf, 0x5f, 0x1f, 0x04, 0x93, 0xad, 0xee, 0xdf, 0xaf, 0x7f, 0xc8,
  0xce, 0x1c, 0xf1, 0x20, 0xa5, 0x44, 0x95, 0x3c, 0xff, 0x13, 0xf8, 0xbd,
  0x57, 0x15, 0xfd, 0xfe, 0xa0, 0x05, 0xe3, 0x50, 0xef, 0x7f, 0x92, 0x1f,
  0x4c, 0xe0, 0x01, 0xff, 0x08, 0xbc, 0xe7, 0xf3, 0x29, 0x04, 0x18, 0xbe,
  0xea, 0xff, 0x19, 0x1f, 0x81, 0xb3, 0x14, 0xf7, 0xfa, 0x0c, 0x2e, 0x9f,
  0x83, 0x45, 0xe5, 0x09, 0x2f, 0xdf, 0x56, 0x3d, 0x98, 0xaa, 0xc8, 0x44,
  0xe6, 0x99, 0xf9, 0x56, 0xad, 0xca, 0x8c, 0xf4, 0x28, 0x72, 0x77, 0x1c,
  0xc6, 0xc4, 0x7f, 0xb7, 0x38, 0x50, 0x3f, 0xe2, 0x01, 0xe6, 0xd6, 0xe7,
  0x07, 0xfa, 0xc4, 0xa8, 0x08, 0xbf, 0x22, 0x1d, 0x8e, 0x09, 0x7f, 0xf9,
  0xa9, 0x1d, 0xcf, 0x5d, 0xce, 0x2b, 0xc9, 0xf1, 0xa2, 0xde, 0x81, 0x3b,
  0x33, 0xe1, 0x31, 0x0d, 0x16, 0xf0, 0xff, 0xff, 0x04, 0x00, 0x00, 0x00,
  0x60, 0x00, 0x00, 0x00, 0x16, 0x20, 0x00, 0x00, 0xe7, 0xf6, 0xff, 0xff,
  0xb8, 0x23, 0x00, 0x00, 0x7f, 0x00, 0x00, 0x00, 0xd5, 0xef, 0xff, 0xff,
  0x17, 0xfd, 0xff, 0xff, 0xd4, 0xf1, 0xff, 0xff, 0x86, 0x09, 0x00, 0x00,
  0xc8, 0x09, 0x00, 0x00, 0x80, 0xeb, 0xff, 0xff, 0x99, 0xe2, 0xff, 0xff,
  0x20, 0x23, 0x00, 0x00, 0xce, 0xfa, 0xff, 0xff, 0xc2, 0xed, 0xff, 0xff,
  0x77, 0x08, 0x00, 0x00, 0x42, 0x12, 0x00, 0x00, 0xb6, 0xf5, 0xff, 0xff,
  0xe8, 0xf7, 0xff, 0xff, 0xe7, 0xdd, 0xff, 0xff, 0xf9, 0x1a, 0x00, 0x00,
  0x3f, 0x10, 0x00, 0x00, 0x9a, 0x0d, 0x00, 0x00, 0xfc, 0x0f, 0x00, 0x00,
  0x26, 0x0c, 0x00, 0x00, 0x82, 0xf0, 0xff, 0xff, 0x04, 0x00, 0x00, 0x00,
  0xd8, 0x00, 0x00, 0x00, 0x39, 0x13, 0x16, 0x19, 0x6a, 0xd1, 0xb3, 0xfa,
  0xdb, 0x0c, 0x91, 0xb6, 0xfe, 0x81, 0x15, 0x13, 0xeb, 0x64, 0x15, 0x36,
  0x08, 0x3e, 0x10, 0xf5, 0x00, 0xdd, 0x2d, 0x09, 0x17, 0x39, 0x20, 0x37,
  0x05, 0xfb, 0xc8, 0xe3, 0x7f, 0xbe, 0xef, 0x0a, 0xea, 0x7f, 0xe0, 0x22,
  0x11, 0x30, 0x61, 0xf5, 0xbd, 0xdb, 0x38, 0x48, 0x7f, 0x2f, 0x20, 0xe4,
  0x81, 0xc5, 0x0c, 0x81, 0x0c, 0xf3, 0xec, 0xf6, 0xdb, 0x66, 0xc6, 0xf6,
  0xf6, 0x2b, 0x6f, 0xfd, 0x81, 0x2b, 0x11, 0x14, 0xff, 0xf3, 0x07, 0x7f,
  0xd4, 0xfe, 0xd4, 0xdd, 0x29, 0xd5, 0xab, 0xea, 0x0a, 0x29, 0x81, 0x7f,
  0x7f, 0x6b, 0x09, 0xd5, 0x9f, 0xa3, 0x2c, 0xd8, 0x1a, 0x7f, 0xf4, 0xe2,
  0x2b, 0x81, 0x1c, 0x0d, 0x4a, 0x33, 0xe8, 0xb1, 0x7f, 0x6d, 0xd6, 0xff,
  0xc1, 0x46, 0x7f, 0xc0, 0xfd, 0xe8, 0x7f, 0x31, 0xd1, 0xab, 0x42, 0x1e,
  0x10, 0xb8, 0x81, 0xca, 0x77, 0x2d, 0xb8, 0xcd, 0x3b, 0x2c, 0xdb, 0x01,
  0x08, 0x18, 0x73, 0xde, 0xd9, 0x7f, 0x4c, 0xd3, 0x24, 0x1a, 0xc0, 0x35,
  0xc0, 0xbf, 0xbe, 0x0d, 0xd7, 0xf3, 0x96, 0x11, 0xe4, 0x2b, 0x43, 0xfb,
  0x2f, 0x44, 0x0c, 0x81, 0xe6, 0x40, 0x53, 0x1b, 0x20, 0x6e, 0x0c, 0x57,
  0xdf, 0xe9, 0xd3, 0xf0, 0x19, 0xce, 0x81, 0xb4, 0x15, 0x14, 0xec, 0x1d,
  0x28, 0x53, 0x16, 0xdd, 0xc6, 0xd7, 0x67, 0x7f, 0xfa, 0x24, 0x7f, 0xf7,
  0xdf, 0xc2, 0xb9, 0xf3, 0xba, 0xf1, 0xeb, 0x81, 0x05, 0x09, 0xdb, 0xcb,
  0xfc, 0x7f, 0xc9, 0xf8, 0x66, 0xf1, 0xff, 0xff, 0x04, 0x00, 0x00, 0x00,
  0x60, 0x00, 0x00, 0x00, 0x24, 0x1a, 0x00, 0x00, 0x88, 0xfd, 0xff, 0xff,
  0x75, 0xe1, 0xff, 0xff, 0xec, 0xf3, 0xff, 0xff, 0xf0, 0xed, 0xff, 0xff,
  0xc7, 0xf2, 0xff, 0xff, 0xac, 0xfd, 0xff, 0xff, 0xbb, 0xf0, 0xff, 0xff,
  0x0f, 0x16, 0x00, 0x00, 0x40, 0x15, 0x00, 0x00, 0xae, 0x1c, 0x00, 0x00,
  0xa5, 0x16, 0x00, 0x00, 0x0a, 0xee, 0xff, 0xff, 0x2f, 0x0f, 0x00, 0x00,
  0x44, 0x20, 0x00, 0x00, 0x32, 0x18, 0x00, 0x00, 0x28, 0xf8, 0xff, 0xff,
  0x82, 0xe0, 0xff, 0xff, 0xc6, 0x0f, 0x00, 0x00, 0x5d, 0xf6, 0xff, 0xff,
  0x64, 0xf6, 0xff, 0xff, 0x79, 0xe2, 0xff, 0xff, 0x64, 0xf0, 0xff, 0xff,
  0x53, 0x18, 0x00, 0x00, 0xd2, 0xf1, 0xff, 0xff, 0x04, 0x00, 0x00, 0x00,
  0x60, 0x03, 0x00, 0x00, 0x8e, 0x4b, 0xae, 0xeb, 0x91, 0x5b, 0x7f, 0x0a,
  0xaa, 0xb1, 0xb8, 0x11, 0xe7, 0xab, 0x65, 0xfe, 0xf0, 0x1a, 0x62, 0x27,
  0x8a, 0x25, 0xe9, 0xca, 0x5a, 0x0c, 0x66, 0xa3, 0xf5, 0x42, 0xd7, 0xf4,
  0xae, 0x0f, 0x7f, 0xdc, 0xbb, 0x43, 0xf2, 0x7b, 0x27, 0x55, 0x09, 0xff,
  0x9f, 0xd4, 0xc9, 0x0e, 0x54, 0xfc, 0x0a, 0x22, 0x13, 0xca, 0xec, 0xcd,
  0x0d, 0x81, 0xb2, 0x27, 0x3a, 0x23, 0xdc, 0xd2, 0x10, 0x2a, 0xad, 0x33,
  0x06, 0x00, 0x1e, 0xca, 0x6a, 0x20, 0x36, 0xb7, 0xfa, 0x6c, 0x2f, 0xc8,
  0x73, 0x19, 0x7f, 0x32, 0x26, 0x5d, 0x00, 0x4d, 0x65, 0x44, 0x19, 0x49,
  0xc8, 0x12, 0x6c, 0xd8, 0x56, 0x08, 0x2a, 0x1c, 0x0d, 0xd3, 0x09, 0xa0,
  0xab, 0xb3, 0x09, 0x76, 0xcb, 0xcb, 0x81, 0xdd, 0xd5, 0xdc, 0x2c, 0x46,
  0xbb, 0x6b, 0x33, 0xf1, 0x2e, 0xfe, 0xd1, 0x73, 0xbd, 0x81, 0xe2, 0xc8,
  0x41, 0xca, 0x0b, 0xee, 0x65, 0x38, 0xc1, 0x93, 0xfd, 0xd5, 0xf4, 0xf5,
  0x11, 0x27, 0x03, 0x51, 0xf4, 0xfe, 0xc6, 0x55, 0xcb, 0xa1, 0xe2, 0x17,
  0xfe, 0xd5, 0xc6, 0xe7, 0xfc, 0x00, 0x37, 0x60, 0x35, 0xe4, 0xde, 0xc2,
  0x4c, 0x1d, 0x7f, 0xab, 0xed, 0xd1, 0xeb, 0x3b, 0x25, 0x4e, 0xe1, 0xf5,
  0xbc, 0x27, 0x47, 0x21, 0xcf, 0x23, 0xe5, 0x00, 0x07, 0x5a, 0x03, 0x28,
  0x58, 0xe6, 0xdb, 0x7f, 0x43, 0x10, 0xd2, 0x0d, 0xaf, 0x4e, 0x85, 0xf7,
  0x98, 0xd2, 0xb6, 0x8b, 0xbf, 0xcc, 0xa3, 0xec, 0xc4, 0x24, 0xcc, 0xb6,
  0xd0, 0x7f, 0x07, 0xd5, 0x22, 0x7f, 0x23, 0xf8, 0xf9, 0x63, 0x52, 0xfd,
  0xc2, 0xe3, 0xe9, 0x04, 0x55, 0x92, 0x3b, 0xaa, 0x61, 0xf5, 0x0d, 0x11,
  0x3f, 0x4e, 0xb0, 0xd8, 0xfc, 0xca, 0xeb, 0xe6, 0x2f, 0x7d, 0x0f, 0x4e,
  0x9d, 0xa7, 0x81, 0xfd, 0xb4, 0xd4, 0x1e, 0x53, 0x7e, 0x59, 0x2c, 0x3c,
  0x0d, 0x4b, 0x2f, 0x77, 0x0e, 0xfa, 0xa7, 0xd6, 0x0d, 0xe5, 0x25, 0x42,
  0x1d, 0xe2, 0x20, 0x10, 0xf7, 0xda, 0x90, 0x56, 0xac, 0xa7, 0x47, 0x7f,
  0x5b, 0xb2, 0x39, 0x86, 0xfc, 0x1c, 0xa7, 0xbb, 0x4b, 0xe6, 0x03, 0x81,
  0x50, 0xc3, 0x9d, 0x2a, 0x89, 0x4a, 0x0b, 0xd3, 0xee, 0xe9, 0x43, 0x8d,
  0xaa, 0xbc, 0xee, 0x39, 0x44, 0xfb, 0x2c, 0x59, 0x06, 0xea, 0xde, 0xda,
  0xd7, 0x06, 0xd3, 0x93, 0xa7, 0x9d, 0xf4, 0xac, 0xc6, 0x81, 0xf2, 0x09,
  0x48, 0x6b, 0x42, 0x17, 0x4b, 0xcc, 0xc5, 0x55, 0x37, 0x3d, 0x7f, 0xc0,
  0xfa, 0x53, 0x5a, 0xff, 0x40, 0xb6, 0xd1, 0xb7, 0xde, 0xcc, 0xb6, 0x2f,
  0x9f, 0x18, 0x1d, 0x34, 0x44, 0x05, 0xe5, 0xa6, 0xcc, 0x07, 0x16, 0xc3,
  0x14, 0x2a, 0x4c, 0x07, 0x06, 0x1e, 0x1f, 0x68, 0x16, 0xe2, 0x81, 0x97,
  0x23, 0xad, 0xf6, 0xb6, 0x02, 0xfe, 0x52, 0xd4, 0x28, 0xdc, 0x49, 0xea,
  0x81, 0x6d, 0x04, 0xa0, 0xb1, 0x7e, 0xdf, 0xed, 0xbb, 0x84, 0x04, 0x51,
  0xb5, 0x51, 0x32, 0x41, 0xa2, 0x03, 0x15, 0xe6, 0x01, 0x8d, 0xf7, 0xf4,
  0x34, 0xd3, 0x9b, 0x08, 0x56, 0x4c, 0xc9, 0x14, 0xa4, 0xe2, 0xaf, 0x7d,
  0x33, 0x34, 0x37, 0x81, 0x04, 0xd6, 0x1c, 0x31, 0xbb, 0xc9, 0x21, 0x97,
  0xb4, 0x41, 0xde, 0xe4, 0xa3, 0x72, 0xab, 0xe2, 0x81, 0xea, 0xf1, 0x0e,
  0xcc, 0x55, 0xa8, 0xb1, 0x00, 0x1c, 0x09, 0x10, 0x17, 0xe6, 0x0e, 0x3e,
  0x0f, 0xa9, 0xc5, 0xc2, 0xfb, 0x17, 0x47, 0x4a, 0x26, 0x2b, 0x48, 0xd3,
  0xd0, 0xe1, 0x7f, 0x01, 0x23, 0xc8, 0x81, 0xc5, 0xe2, 0xd6, 0x02, 0xd8,
  0x04, 0x1c, 0x3f, 0xfa, 0x0c, 0xeb, 0xbb, 0xa6, 0xf9, 0xb4, 0xdb, 0x34,
  0x1c, 0xda, 0x3e, 0x02, 0x7a, 0xe6, 0xe5, 0xa8, 0xac, 0x62, 0xdf, 0xd8,
  0x1c, 0x03, 0x17, 0xfd, 0xdf, 0xd1, 0x96, 0xfb, 0x6c, 0x69, 0xe1, 0xf5,
  0xc6, 0x41, 0xb6, 0x7f, 0xbf, 0xde, 0x44, 0x61, 0x02, 0x8e, 0x7f, 0x18,
  0xf0, 0xd2, 0x21, 0x9a, 0xcc, 0xec, 0x3e, 0xef, 0xee, 0xba, 0xcf, 0xf5,
  0xc4, 0xe7, 0x18, 0xd3, 0xfd, 0xfd, 0x6f, 0xb4, 0xf9, 0x9b, 0x26, 0x13,
  0xba, 0xa4, 0xea, 0xc2, 0x0d, 0xc1, 0xf3, 0x34, 0x9d, 0x95, 0x33, 0xe6,
  0xb1, 0x6b, 0xd7, 0x81, 0xa5, 0x27, 0x4e, 0x92, 0x52, 0x22, 0xfa, 0xfc,
  0xdf, 0xbc, 0xa4, 0x28, 0xb7, 0x19, 0xa5, 0x8f, 0x9e, 0x42, 0x03, 0x94,
  0x9b, 0x81, 0xb9, 0xc8, 0xbc, 0xc2, 0xeb, 0xf7, 0xc2, 0x12, 0x1a, 0x20,
  0x48, 0xf7, 0x10, 0x2c, 0xbd, 0x52, 0x18, 0xd3, 0x2e, 0x0e, 0xb9, 0xdc,
  0xdc, 0xf3, 0x81, 0xe3, 0xa3, 0x5e, 0x7f, 0x55, 0x54, 0x22, 0x6b, 0xd9,
  0xca, 0xeb, 0xa7, 0xf6, 0xd4, 0x97, 0x5e, 0xfb, 0xba, 0xa7, 0xc3, 0xcf,
  0x6f, 0x40, 0xe3, 0xcf, 0x3c, 0xc2, 0x19, 0xd5, 0x27, 0x34, 0xe7, 0x7f,
  0x3b, 0xf9, 0x50, 0x9f, 0xa0, 0xa5, 0xc1, 0x9d, 0xd8, 0x9a, 0xd8, 0x10,
  0x3d, 0xd3, 0x4b, 0x44, 0x7f, 0x16, 0xe1, 0xc2, 0x36, 0x2e, 0xd2, 0x2a,
  0x9d, 0xf4, 0xd8, 0xbb, 0x02, 0xfd, 0x0a, 0x31, 0x46, 0xb8, 0xf8, 0xaa,
  0x3f, 0xc7, 0xb8, 0x3f, 0xa0, 0x0f, 0xcc, 0xf0, 0xd3, 0x9c, 0x25, 0x49,
  0x3c, 0x7f, 0xc4, 0x97, 0x5d, 0x02, 0x91, 0x21, 0xa7, 0xf7, 0xc3, 0x49,
  0x51, 0xd8, 0x34, 0x2a, 0xf1, 0xc8, 0x00, 0x42, 0xf5, 0x15, 0xf8, 0xea,
  0x89, 0x03, 0x35, 0xf1, 0xe0, 0xf0, 0xe5, 0xf0, 0xe8, 0x81, 0x4b, 0xf0,
  0x8a, 0x20, 0x60, 0x37, 0x7f, 0xc8, 0x8f, 0xf0, 0xec, 0xce, 0x17, 0x2f,
  0x36, 0xb3, 0x18, 0x35, 0x40, 0x26, 0xbd, 0xb1, 0xf5, 0xed, 0x8d, 0x17,
  0xc4, 0xd2, 0xa5, 0x14, 0x25, 0x69, 0xe1, 0x81, 0x71, 0xe2, 0x2a, 0x02,
  0x4d, 0x4f, 0xd0, 0xc4, 0x65, 0xbc, 0xe3, 0x5a, 0x5d, 0x9e, 0xc6, 0x9e,
  0x36, 0x57, 0xae, 0x5f, 0x36, 0xee, 0x7f, 0x10, 0xe8, 0xec, 0xf0, 0x4d,
  0x37, 0xe6, 0xb6, 0x3c, 0xee, 0x25, 0x30, 0xe8, 0x00, 0x55, 0x12, 0x2f,
  0xcd, 0x27, 0xdc, 0xd7, 0x6e, 0x52, 0xec, 0x39, 0xc0, 0xa8, 0x3d, 0xcd,
  0x84, 0x59, 0xf6, 0x72, 0x7f, 0x00, 0xd8, 0x31, 0x35, 0x02, 0x7a, 0x7f,
  0x08, 0xe9, 0xe7, 0x25, 0x4d, 0x1d, 0x8d, 0xb2, 0xbb, 0x47, 0xe2, 0xe6,
  0x7f, 0x13, 0xec, 0xcb, 0x3a, 0x17, 0xe6, 0xdb, 0xfe, 0x23, 0x02, 0x07,
  0xb8, 0x8e, 0xc3, 0x46, 0x3e, 0xf5, 0xff, 0xff, 0x04, 0x00, 0x00, 0x00,
  0x90, 0x00, 0x00, 0x00, 0xfa, 0x13, 0x00, 0x00, 0x7c, 0xfc, 0xff, 0xff,
  0xf0, 0x08, 0x00, 0x00, 0xd1, 0xbc, 0xff, 0xff, 0x19, 0x12, 0x00, 0x00,
  0xbf, 0x09, 0x00, 0x00, 0xd7, 0x09, 0x00, 0x00, 0x2f, 0xf0, 0xff, 0xff,
  0x26, 0x2d, 0x00, 0x00, 0x7c, 0xf1, 0xff, 0xff, 0x7f, 0xe6, 0xff, 0xff,
  0x00, 0x11, 0x00, 0x00, 0x09, 0x26, 0x00, 0x00, 0x31, 0x0f, 0x00, 0x00,
  0x4b, 0xf6, 0xff, 0xff, 0xf9, 0x07, 0x00, 0x00, 0x9b, 0x07, 0x00, 0x00,
  0x61, 0x16, 0x00, 0x00, 0x7f, 0x28, 0x00, 0x00, 0x3d, 0xee, 0xff, 0xff,
  0xc6, 0x1f, 0x00, 0x00, 0x88, 0xf5, 0xff, 0xff, 0xc5, 0x1a, 0x00, 0x00,
  0xe6, 0x30, 0x00, 0x00, 0x9d, 0x57, 0x00, 0x00, 0x47, 0x17, 0x00, 0x00,
  0xf2, 0x06, 0x00, 0x00, 0x4e, 0x0c, 0x00, 0x00, 0x87, 0x11, 0x00, 0x00,
  0xf2, 0x0f, 0x00, 0x00, 0xdd, 0x15, 0x00, 0x00, 0x49, 0x1a, 0x00, 0x00,
  0x39, 0xf4, 0xff, 0xff, 0x0a, 0xe9, 0xff, 0xff, 0xa2, 0xe4, 0xff, 0xff,
  0x9d, 0x0b, 0x00, 0x00, 0xda, 0xf5, 0xff, 0xff, 0x04, 0x00, 0x00, 0x00,
  0x44, 0x01, 0x00, 0x00, 0xb6, 0xea, 0x7f, 0x2e, 0x3e, 0x3e, 0x08, 0xbb,
  0x4f, 0xd1, 0xb3, 0x7a, 0x81, 0x7f, 0x0e, 0x20, 0x8a, 0x88, 0x54, 0x07,
  0xc4, 0xf9, 0x7f, 0xaf, 0xab, 0x81, 0x8a, 0x7f, 0x7f, 0x55, 0x3c, 0x87,
  0xb0, 0xfc, 0xf3, 0x7f, 0xfa, 0x11, 0x3a, 0x0c, 0x06, 0x22, 0x7f, 0xc6,
  0x61, 0xea, 0xd4, 0x81, 0xbe, 0x1e, 0x37, 0xe5, 0xf8, 0x4b, 0x10, 0x99,
  0x38, 0x81, 0x36, 0xce, 0xb2, 0xdf, 0x1b, 0x33, 0x30, 0x7f, 0x7f, 0xc3,
  0x18, 0xb7, 0x2b, 0x0c, 0x30, 0xf0, 0x75, 0x13, 0x81, 0x97, 0xf9, 0x81,
  0x7f, 0x11, 0x54, 0xa6, 0xab, 0xef, 0x7f, 0xbb, 0x7f, 0xd3, 0x22, 0xcf,
  0xe9, 0xc3, 0xee, 0xc8, 0xc7, 0x01, 0x81, 0x3c, 0x07, 0x6e, 0x0d, 0xf9,
  0x81, 0xfd, 0xde, 0x51, 0xff, 0xfa, 0xd9, 0x0a, 0x4a, 0x3d, 0x1b, 0x13,
  0x00, 0x1f, 0x01, 0x71, 0xf6, 0x29, 0x23, 0x16, 0x9e, 0x81, 0xee, 0x81,
  0x13, 0xbc, 0x5f, 0x10, 0x81, 0xcb, 0x1d, 0x1e, 0x7b, 0xec, 0x17, 0x30,
  0x03, 0x81, 0x1b, 0x4f, 0xad, 0x7f, 0xe6, 0x7f, 0xf3, 0xf9, 0x15, 0x18,
  0x4a, 0x03, 0xdb, 0x24, 0x52, 0x04, 0x03, 0x18, 0xdc, 0x60, 0x0b, 0xef,
  0x81, 0xa4, 0x66, 0x55, 0x61, 0xc7, 0x59, 0x30, 0x8a, 0xd5, 0xc2, 0xa0,
  0x07, 0xfe, 0x17, 0x13, 0x7f, 0x08, 0x57, 0x1a, 0xc1, 0xa8, 0xfe, 0xef,
  0xe4, 0xe2, 0xf9, 0xf9, 0x0c, 0xf6, 0x3d, 0x88, 0x7e, 0x48, 0x1e, 0xd2,
  0xce, 0x13, 0x40, 0x2c, 0x5e, 0xde, 0x0a, 0xde, 0xed, 0x0c, 0x40, 0x81,
  0xea, 0x10, 0x59, 0xf8, 0x13, 0x3a, 0x9b, 0xd1, 0x54, 0x07, 0x20, 0x8b,
  0x37, 0x81, 0x81, 0x09, 0xd6, 0x00, 0x2f, 0x81, 0x9e, 0xbf, 0x0d, 0x2a,
  0xd3, 0x14, 0x18, 0xaf, 0x5e, 0x18, 0x82, 0xfe, 0x6c, 0xeb, 0xb3, 0x03,
  0xd5, 0xd3, 0x7f, 0xe0, 0xd1, 0x1a, 0x02, 0xfc, 0x12, 0xf6, 0xf0, 0xe5,
  0x50, 0x0e, 0xca, 0x48, 0xdc, 0x0a, 0xf1, 0xe5, 0x25, 0x23, 0xee, 0x47,
  0xcc, 0x44, 0xe2, 0xfb, 0x2c, 0x02, 0x15, 0xf5, 0xc9, 0x1b, 0xb3, 0x3b,
  0xd9, 0xca, 0x76, 0x38, 0x21, 0x38, 0x44, 0xf9, 0xbf, 0x81, 0xeb, 0xa7,
  0xeb, 0xd6, 0xe7, 0x65, 0x0a, 0xff, 0x2f, 0xb3, 0x62, 0xab, 0x7f, 0x3d,
  0xea, 0x4b, 0xf3, 0x81, 0xf7, 0x33, 0x8e, 0x18, 0xcd, 0xf0, 0xb8, 0x35,
  0xc9, 0x5b, 0x27, 0x30, 0x2a, 0xf7, 0xff, 0xff, 0x04, 0x00, 0x00, 0x00,
  0x90, 0x00, 0x00, 0x00, 0x05, 0xfe, 0xff, 0xff, 0x56, 0xf2, 0xff, 0xff,
  0x99, 0xf3, 0xff, 0xff, 0x63, 0xf2, 0xff, 0xff, 0x4b, 0xfe, 0xff, 0xff,
  0x9f, 0x04, 0x00, 0x00, 0xe9, 0xf8, 0xff, 0xff, 0x1b, 0x27, 0x00, 0x00,
  0xad, 0xe1, 0xff, 0xff, 0x63, 0x0e, 0x00, 0x00, 0x0e, 0x1d, 0x00, 0x00,
  0x1e, 0xf7, 0xff, 0xff, 0x83, 0x0f, 0x00, 0x00, 0xa6, 0xf5, 0xff, 0xff,
  0x5a, 0xed, 0xff, 0xff, 0x1d, 0x1b, 0x00, 0x00, 0xc8, 0xfe, 0xff, 0xff,
  0x30, 0x05, 0x00, 0x00, 0x74, 0xf0, 0xff, 0xff, 0x9a, 0x0c, 0x00, 0x00,
  0xcd, 0x10, 0x00, 0x00, 0xd0, 0x07, 0x00, 0x00, 0x66, 0xe9, 0xff, 0xff,
  0x09, 0x10, 0x00, 0x00, 0xcf, 0x00, 0x00, 0x00, 0x24, 0x0f, 0x00, 0x00,
  0x38, 0x17, 0x00, 0x00, 0x52, 0xef, 0xff, 0xff, 0x10, 0xf7, 0xff, 0xff,
  0xc1, 0xf4, 0xff, 0xff, 0x0d, 0xff, 0xff, 0xff, 0x24, 0x0c, 0x00, 0x00,
  0x30, 0x15, 0x00, 0x00, 0x8f, 0x08, 0x00, 0x00, 0x5b, 0xe5, 0xff, 0xff,
  0x99, 0xe8, 0xff, 0xff, 0xc6, 0xf7, 0xff, 0xff, 0x04, 0x00, 0x00, 0x00,
  0x60, 0x03, 0x00, 0x00, 0x0a, 0x27, 0x43, 0xd7, 0x71, 0xd0, 0x2a, 0xd6,
  0x4a, 0x00, 0x04, 0xd2, 0xfc, 0x42, 0xda, 0x0c, 0x7f, 0xb2, 0x10, 0x0f,
  0xbe, 0x0e, 0x37, 0x90, 0x11, 0x0d, 0xe5, 0xf3, 0x38, 0xaf, 0x53, 0xf1,
  0xae, 0xf8, 0xfc, 0x3d, 0xfa, 0x83, 0xd8, 0xb5, 0xd9, 0x1c, 0x1c, 0x81,
  0x16, 0x59, 0xc7, 0x36, 0xc4, 0x20, 0x42, 0x5d, 0x1a, 0x3c, 0xac, 0xd5,
  0x2f, 0x35, 0xf1, 0x6e, 0xb0, 0x31, 0xe0, 0x70, 0xff, 0x38, 0x05, 0x3d,
  0x36, 0xc3, 0xec, 0x97, 0x07, 0x33, 0xfd, 0x9f, 0x0d, 0x0a, 0xe7, 0x1a,
  0x21, 0xf0, 0x6b, 0xf4, 0x1a, 0xf9, 0x7f, 0xb6, 0x69, 0x14, 0xda, 0x25,
  0x71, 0xe5, 0x3f, 0xd5, 0x12, 0xbb, 0xe9, 0xf5, 0xd0, 0x50, 0x4c, 0x0d,
  0xb5, 0xd2, 0x2f, 0xea, 0xf6, 0x8f, 0x37, 0xa1, 0xf8, 0x33, 0xbe, 0x5e,
  0xc9, 0x2e, 0x06, 0x6d, 0xc7, 0xf1, 0x06, 0x0f, 0xc8, 0xcc, 0x44, 0x3f,
  0x4f, 0x58, 0xe4, 0xfe, 0x10, 0x05, 0xc2, 0x0a, 0xe5, 0x7f, 0x2b, 0x38,
  0x12, 0x50, 0xfa, 0x35, 0x2e, 0x3a, 0xc1, 0xef, 0x28, 0xe4, 0x9c, 0x42,
  0x4a, 0x3f, 0xe7, 0x7f, 0xd5, 0xf7, 0x1d, 0xe5, 0x66, 0xc9, 0x17, 0x14,
  0xed, 0xe7, 0x19, 0x09, 0x37, 0x2a, 0x0e, 0x39, 0xfe, 0x0d, 0x29, 0x32,
  0xb7, 0x6e, 0x9e, 0xf0, 0xe3, 0x25, 0xfa, 0x30, 0xd5, 0x7f, 0x2a, 0xdb,
  0xc8, 0x26, 0xce, 0x31, 0x26, 0xe9, 0x33, 0xf6, 0xe2, 0x1b, 0x19, 0x0a,
  0x1a, 0x0e, 0xfa, 0x2f, 0x14, 0xd8, 0x4b, 0x10, 0xe8, 0x1d, 0xf9, 0xe9,
  0x0b, 0x27, 0xf1, 0x20, 0x41, 0xb5, 0xd9, 0xc2, 0xf5, 0xe9, 0x01, 0x7f,
  0x3b, 0x2a, 0x63, 0x1c, 0x34, 0x31, 0xf7, 0x99, 0x40, 0xe9, 0xf6, 0xd1,
  0x01, 0x2d, 0x11, 0xaf, 0xdc, 0xe7, 0xd4, 0xd6, 0xee, 0x0b, 0x05, 0xd9,
  0x9a, 0xcc, 0x4b, 0xbf, 0x20, 0xef, 0x19, 0xdd, 0x06, 0x34, 0x7f, 0xdb,
  0xfc, 0x0c, 0xff, 0xd5, 0xe7, 0xe9, 0xd9, 0xd3, 0x17, 0x19, 0xe1, 0x16,
  0xcd, 0xf1, 0x36, 0xdd, 0x00, 0x10, 0xf1, 0xb1, 0xb1, 0xcb, 0x1f, 0x12,
  0xc2, 0x30, 0xd1, 0x47, 0xf4, 0x00, 0xcd, 0x4b, 0x70, 0x02, 0x37, 0xc8,
  0x42, 0x4c, 0x42, 0x43, 0x6d, 0xe0, 0x4e, 0xb7, 0x50, 0x2f, 0x42, 0x26,
  0xe0, 0xf1, 0x16, 0x05, 0xd9, 0x1a, 0x4f, 0x23, 0x95, 0x81, 0x2b, 0x72,
  0xeb, 0xd2, 0x3f, 0xd4, 0xe5, 0xa6, 0xc2, 0x3b, 0xe9, 0xee, 0xcf, 0x4d,
  0xec, 0x05, 0x41, 0xe7, 0xd2, 0x5b, 0xec, 0x11, 0x23, 0xe9, 0xc3, 0xe3,
  0xe5, 0x16, 0xd4, 0xf2, 0x15, 0xf5, 0xa7, 0xbd, 0x9e, 0xd2, 0xe1, 0x01,
  0x81, 0x65, 0xf1, 0x96, 0xf0, 0x52, 0x7f, 0x24, 0xf1, 0xf7, 0x1c, 0xe6,
  0xdc, 0xd4, 0xa1, 0xc4, 0xdc, 0xd1, 0xfd, 0xbb, 0xc8, 0x9b, 0xa8, 0xe5,
  0x0b, 0xbe, 0xd9, 0xd0, 0x30, 0x06, 0x16, 0xd6, 0x1c, 0x44, 0x3f, 0x2f,
  0x64, 0xba, 0x96, 0x1e, 0xe7, 0x44, 0xc7, 0x56, 0x2a, 0x37, 0x0c, 0xf2,
  0x41, 0x99, 0xe8, 0x3a, 0x08, 0x7f, 0x24, 0xdc, 0x4c, 0x29, 0x24, 0x1c,
  0xef, 0xea, 0x49, 0xda, 0xdd, 0x2f, 0x0f, 0x36, 0x02, 0xe5, 0x0b, 0x3d,
  0x9f, 0xc4, 0xe3, 0xe7, 0xba, 0x0a, 0xda, 0xc4, 0xee, 0xe1, 0x8b, 0x0b,
  0x12, 0xc0, 0xb5, 0x81, 0x39, 0xf0, 0xdf, 0x5b, 0xea, 0x22, 0x3c, 0x69,
  0x17, 0xf1, 0xc2, 0x46, 0xf5, 0xd3, 0x52, 0xe3, 0x2b, 0xa3, 0x9b, 0xd3,
  0x36, 0xf6, 0xf7, 0xd1, 0x00, 0xbc, 0x35, 0xb5, 0xc8, 0x3c, 0x56, 0xda,
  0xb6, 0x7f, 0x8a, 0x00, 0xeb, 0x29, 0x54, 0x6b, 0xcb, 0x1a, 0x39, 0x51,
  0x73, 0x3f, 0x1e, 0x7b, 0xdd, 0x34, 0x40, 0xb6, 0x0d, 0x26, 0xa7, 0x47,
  0xf8, 0x12, 0xee, 0xa2, 0x02, 0x0c, 0xe8, 0x4b, 0xd6, 0xf2, 0x2d, 0xf3,
  0xba, 0x4a, 0x34, 0x30, 0x5d, 0xce, 0x01, 0xf9, 0xd2, 0x0f, 0x3b, 0x48,
  0x2a, 0x0c, 0xb9, 0x6c, 0x25, 0xd8, 0x48, 0x3c, 0x4c, 0xe2, 0x13, 0xf3,
  0xb8, 0xd7, 0xef, 0x7f, 0x2c, 0x24, 0xf8, 0x3c, 0xff, 0xd5, 0x51, 0xb5,
  0xd8, 0xf1, 0x46, 0xfa, 0x7f, 0x57, 0x19, 0x4f, 0x47, 0x34, 0x4e, 0xe2,
  0xe6, 0xc5, 0x0d, 0xe1, 0xeb, 0x22, 0xc6, 0x1b, 0xbb, 0x0c, 0xc7, 0x21,
  0x64, 0x0d, 0xb0, 0xed, 0x0b, 0x61, 0xbe, 0x4a, 0x03, 0x08, 0xb1, 0xdf,
  0xf9, 0x0c, 0x8b, 0x1d, 0x2f, 0xfb, 0xa9, 0xec, 0x39, 0x2a, 0xd4, 0x37,
  0x1a, 0x98, 0xa8, 0xf9, 0x3f, 0x81, 0x54, 0x28, 0xd2, 0xeb, 0x98, 0x16,
  0x53, 0x49, 0x04, 0x23, 0x5d, 0x53, 0x7f, 0x6b, 0xff, 0x52, 0x19, 0x20,
  0x26, 0x35, 0x11, 0x0c, 0x73, 0x17, 0xfe, 0xdc, 0x75, 0x13, 0xcf, 0x81,
  0xd4, 0x25, 0x29, 0xe9, 0x30, 0x94, 0x4b, 0x3e, 0x41, 0xe7, 0xe5, 0x31,
  0xb5, 0x62, 0x5a, 0x71, 0xd5, 0xeb, 0x43, 0x24, 0x26, 0xa0, 0x70, 0x28,
  0xbb, 0xfd, 0x3a, 0xe5, 0x18, 0x37, 0x15, 0xd1, 0x1c, 0xeb, 0xe2, 0xb2,
  0xc1, 0x3b, 0xed, 0x81, 0xbd, 0x4c, 0x1c, 0xf9, 0x2f, 0x1d, 0x4b, 0x30,
  0xfe, 0x0d, 0x3e, 0xb5, 0xe6, 0x93, 0xdb, 0x6c, 0xa3, 0xe1, 0x5e, 0xe8,
  0xb8, 0x21, 0x34, 0x22, 0x4c, 0xcd, 0x71, 0xc8, 0xd8, 0xbc, 0x2f, 0xf8,
  0x9d, 0x16, 0x17, 0xf5, 0xf1, 0x5e, 0x2a, 0x7f, 0xfa, 0x3a, 0x43, 0x06,
  0x39, 0x23, 0x3b, 0x92, 0x07, 0x55, 0xf7, 0xb4, 0xb9, 0x2f, 0x16, 0xdb,
  0x33, 0x81, 0xd3, 0xfe, 0x28, 0x3d, 0x23, 0xe1, 0x0a, 0x30, 0xd7, 0x2e,
  0x67, 0x42, 0x9c, 0xb5, 0xe7, 0x43, 0xa7, 0x14, 0x65, 0x50, 0x64, 0x94,
  0xcf, 0xea, 0x4d, 0xb4, 0xd4, 0xd2, 0xf9, 0xda, 0x04, 0xcf, 0xc9, 0x69,
  0xf3, 0x69, 0x7f, 0xd5, 0x09, 0x3d, 0xa3, 0x97, 0x3f, 0x11, 0x26, 0x1a,
  0xbc, 0x38, 0xc8, 0xff, 0xb5, 0xa6, 0x54, 0xac, 0xc7, 0xe1, 0xc3, 0xf2,
  0x1c, 0x27, 0xf3, 0x45, 0xae, 0x03, 0x9a, 0xde, 0x28, 0x11, 0xe8, 0x2e,
  0xc4, 0xab, 0x77, 0xae, 0x56, 0x25, 0xc0, 0xa4, 0x54, 0xa2, 0x7f, 0xd0,
  0xd3, 0x35, 0xfc, 0xd8, 0xd7, 0x46, 0x9e, 0xb5, 0x8d, 0x01, 0x34, 0x00,
  0x85, 0x67, 0x14, 0xe2, 0x10, 0x27, 0x32, 0xcc, 0x28, 0xe6, 0x15, 0xe5,
  0x39, 0x81, 0x5f, 0xd9, 0xec, 0x0e, 0xe5, 0xf9, 0x1e, 0x01, 0x00, 0x03,
  0x18, 0xed, 0x00, 0xe4, 0xf2, 0xf9, 0xd1, 0xea, 0xeb, 0x12, 0x08, 0xd9,
  0xec, 0xf6, 0xe2, 0xf7, 0x32, 0xfb, 0xff, 0xff, 0x04, 0x00, 0x00, 0x00,
  0x60, 0x00, 0x00, 0x00, 0x39, 0xe9, 0xff, 0xff, 0xba, 0x0b, 0x00, 0x00,
  0x42, 0xf3, 0xff, 0xff, 0xc8, 0xeb, 0xff, 0xff, 0x87, 0xec, 0xff, 0xff,
  0xfa, 0xe9, 0xff, 0xff, 0x90, 0x0a, 0x00, 0x00, 0x91, 0x17, 0x00, 0x00,
  0xe6, 0xde, 0xff, 0xff, 0x22, 0x23, 0x00, 0x00, 0x2a, 0x1d, 0x00, 0x00,
  0x84, 0xee, 0xff, 0xff, 0xb3, 0x1d, 0x00, 0x00, 0x07, 0xe0, 0xff, 0xff,
  0x40, 0xd5, 0xff, 0xff, 0xa4, 0xea, 0xff, 0xff, 0x6f, 0x07, 0x00, 0x00,
  0xac, 0xc8, 0xff, 0xff, 0xfe, 0xfa, 0xff, 0xff, 0x65, 0xea, 0xff, 0xff,
  0x2a, 0x0a, 0x00, 0x00, 0x57, 0xfb, 0xff, 0xff, 0x0b, 0x13, 0x00, 0x00,
  0x3a, 0x11, 0x00, 0x00, 0x9e, 0xfb, 0xff, 0xff, 0x04, 0x00, 0x00, 0x00,
  0xd8, 0x00, 0x00, 0x00, 0x74, 0x1b, 0xd9, 0x81, 0x57, 0x29, 0x99, 0x2e,
  0xa5, 0x7f, 0x7f, 0x81, 0x81, 0xdb, 0x87, 0x59, 0x27, 0xc6, 0xf5, 0x7f,
  0x72, 0x65, 0x10, 0x0e, 0x61, 0xb7, 0xe8, 0x98, 0x66, 0x17, 0xac, 0xf8,
  0xb6, 0x5e, 0x7a, 0xeb, 0x87, 0x20, 0x81, 0x60, 0x1d, 0xe9, 0x1b, 0x33,
  0xfa, 0x7f, 0x4d, 0x8c, 0x7f, 0x9c, 0xac, 0x85, 0x23, 0x4f, 0xbc, 0x2b,
  0xce, 0x3b, 0x22, 0xae, 0xb6, 0x4e, 0xfe, 0x18, 0xec, 0xc3, 0x47, 0x40,
  0x7f, 0x3d, 0x7f, 0x81, 0x10, 0x4c, 0x04, 0xda, 0x89, 0x3c, 0xa8, 0xc0,
  0xc7, 0x66, 0x2a, 0x06, 0xc4, 0x13, 0xd8, 0x7f, 0x23, 0x07, 0x7f, 0xf9,
  0x5d, 0x53, 0x68, 0x33, 0xfc, 0x06, 0x15, 0xeb, 0xb1, 0x3c, 0xd8, 0x81,
  0xe9, 0x73, 0x66, 0x39, 0xe0, 0xef, 0x8e, 0x69, 0x7f, 0x20, 0x78, 0xcc,
  0xf6, 0x62, 0x6d, 0xc2, 0x12, 0x38, 0xe2, 0xb8, 0x7b, 0x1d, 0xb9, 0x65,
  0xc1, 0x55, 0x24, 0xfd, 0xb4, 0x7f, 0xf0, 0x19, 0x03, 0xd8, 0x01, 0x1c,
  0x62, 0x72, 0x39, 0xca, 0x56, 0x7f, 0xc3, 0xb2, 0x81, 0x41, 0x81, 0x59,
  0xd6, 0xf2, 0xf6, 0xaf, 0xaa, 0x18, 0xdb, 0x74, 0x1b, 0x07, 0x4d, 0x34,
  0x7b, 0x68, 0x7f, 0x7e, 0x45, 0x77, 0xcc, 0xb7, 0x03, 0x56, 0xbc, 0x30,
  0xbd, 0x21, 0xcd, 0xe3, 0xef, 0x38, 0xd8, 0x75, 0x1a, 0xc3, 0xee, 0x2e,
  0x79, 0x26, 0x25, 0x66, 0x6a, 0x74, 0x81, 0xa1, 0x73, 0x7f, 0x8f, 0x44,
  0x81, 0x16, 0xf1, 0xc5, 0xb4, 0x5a, 0x0f, 0x2c, 0x04, 0x81, 0x2f, 0x55,
  0x71, 0x4f, 0x41, 0x34, 0x82, 0xfc, 0xff, 0xff, 0x04, 0x00, 0x00, 0x00,
  0x60, 0x00, 0x00, 0x00, 0x71, 0xfb, 0xff, 0xff, 0xa5, 0xea, 0xff, 0xff,
  0x49, 0x17, 0x00, 0x00, 0xb5, 0x36, 0x00, 0x00, 0xf8, 0xf7, 0xff, 0xff,
  0x38, 0xdc, 0xff, 0xff, 0x2f, 0x47, 0x00, 0x00, 0x6e, 0xf5, 0xff, 0xff,
  0x76, 0x29, 0x00, 0x00, 0x5e, 0xe7, 0xff, 0xff, 0xa1, 0xef, 0xff, 0xff,
  0x00, 0x19, 0x00, 0x00, 0x63, 0x2b, 0x00, 0x00, 0x3a, 0xea, 0xff, 0xff,
  0x0e, 0x23, 0x00, 0x00, 0x31, 0xd4, 0xff, 0xff, 0x72, 0xf6, 0xff, 0xff,
  0x62, 0x15, 0x00, 0x00, 0x9e, 0xe9, 0xff, 0xff, 0x13, 0xf0, 0xff, 0xff,
  0x1f, 0xd5, 0xff, 0xff, 0x71, 0xcc, 0xff, 0xff, 0xad, 0xe5, 0xff, 0xff,
  0x57, 0xfe, 0xff, 0xff, 0xee, 0xfc, 0xff, 0xff, 0x04, 0x00, 0x00, 0x00,
  0x40, 0x02, 0x00, 0x00, 0x47, 0xd9, 0x98, 0x1a, 0xe6, 0xd3, 0x23, 0xc2,
  0xde, 0xe8, 0xb2, 0x1c, 0x36, 0xe8, 0x3d, 0x4d, 0x07, 0xb1, 0x5f, 0x46,
  0x38, 0xfe, 0x81, 0xe6, 0xc0, 0xb3, 0xd8, 0x17, 0xfc, 0x22, 0x20, 0xb6,
  0xfd, 0xcd, 0xc3, 0x57, 0x1c, 0x7d, 0x52, 0xb1, 0x3b, 0xf2, 0x64, 0x7f,
  0x75, 0x25, 0xfa, 0x2f, 0x2e, 0x01, 0x27, 0xc9, 0x34, 0xc0, 0x68, 0x31,
  0xe3, 0x1f, 0xd2, 0x55, 0xbb, 0xf6, 0x59, 0x0f, 0x81, 0x60, 0x10, 0xdf,
  0xf6, 0xae, 0x2a, 0xc6, 0x48, 0x87, 0x6f, 0x7f, 0xdb, 0x5d, 0x4d, 0xe6,
  0x11, 0x0b, 0x07, 0xf5, 0x14, 0xd4, 0xa6, 0x54, 0x49, 0x44, 0xf9, 0x24,
  0xcd, 0x2c, 0xc2, 0x58, 0x9e, 0xf8, 0x77, 0x13, 0x08, 0x39, 0xb6, 0xe1,
  0xa9, 0x92, 0xbb, 0x30, 0x81, 0x16, 0xdd, 0x57, 0x50, 0x10, 0xba, 0xe5,
  0x13, 0xd8, 0x11, 0xc7, 0x3b, 0x32, 0x52, 0xde, 0xde, 0x42, 0x25, 0x20,
  0x06, 0xec, 0xb0, 0x5f, 0x81, 0x01, 0x47, 0xe7, 0x13, 0xeb, 0xaf, 0x04,
  0xe9, 0x65, 0xac, 0xda, 0xc4, 0xba, 0x03, 0xcf, 0x53, 0x72, 0x8d, 0xce,
  0xf5, 0x7d, 0xd3, 0x53, 0x12, 0xc7, 0x7f, 0xd7, 0x2f, 0xd3, 0x7c, 0xc7,
  0x9a, 0x8c, 0x19, 0xfb, 0x81, 0x1f, 0x21, 0xab, 0x87, 0xc5, 0x45, 0xee,
  0x22, 0xc6, 0x27, 0x01, 0xf6, 0xe9, 0xfd, 0xff, 0x2b, 0x03, 0xb9, 0xc9,
  0xb7, 0x0b, 0xbf, 0xe9, 0x1b, 0xf0, 0x08, 0x56, 0x3e, 0xc5, 0xd9, 0xd5,
  0xb9, 0x33, 0xe0, 0x81, 0x4d, 0x05, 0x12, 0xcf, 0xe2, 0x02, 0x42, 0xf3,
  0x04, 0xee, 0x4b, 0x25, 0x1a, 0x9e, 0xd9, 0x03, 0x22, 0x57, 0xf3, 0x0e,
  0xe3, 0x0f, 0x04, 0xc9, 0x6c, 0xb8, 0xe7, 0xa1, 0x81, 0xdd, 0xf5, 0xe9,
  0x1c, 0xf1, 0x47, 0x4f, 0xf8, 0x29, 0x0c, 0x99, 0xea, 0xe9, 0xee, 0xf4,
  0x3c, 0xba, 0xbd, 0x3d, 0x10, 0x32, 0xb6, 0x09, 0x0c, 0x34, 0x9e, 0xea,
  0xd0, 0x7f, 0xc6, 0xd5, 0x36, 0xa0, 0x23, 0xa1, 0xf6, 0x60, 0x1e, 0xb0,
  0xa7, 0x20, 0x16, 0xfe, 0xc8, 0x15, 0xfc, 0x9f, 0xbd, 0x37, 0xf8, 0x1e,
  0x81, 0xba, 0x70, 0x42, 0x37, 0xe4, 0x7f, 0x01, 0xdf, 0x09, 0x17, 0x57,
  0x12, 0xd3, 0x20, 0x23, 0x81, 0x1a, 0xa6, 0xb5, 0x04, 0xe1, 0x1c, 0xbf,
  0x9e, 0x46, 0xaa, 0xfd, 0x44, 0xd2, 0xdf, 0x36, 0x6a, 0x61, 0x4d, 0x31,
  0x62, 0x2d, 0x17, 0x3a, 0xbe, 0xfa, 0x4d, 0xf2, 0x6c, 0x20, 0xdf, 0x3b,
  0x7f, 0x9a, 0x25, 0xf7, 0xf6, 0xfd, 0xd5, 0x81, 0xf7, 0x2d, 0xb8, 0x45,
  0xdc, 0xf7, 0xaf, 0x7c, 0xf4, 0x06, 0x0e, 0x9a, 0x26, 0x24, 0xbd, 0xc9,
  0x4e, 0xb4, 0x22, 0xe1, 0x7f, 0x4a, 0xec, 0x0d, 0xc7, 0x8b, 0xd5, 0xec,
  0xe7, 0x50, 0x1f, 0x94, 0x0e, 0xdb, 0x19, 0x55, 0x32, 0xd3, 0xde, 0xb0,
  0x23, 0xed, 0x7b, 0x19, 0x15, 0x31, 0xbb, 0xf0, 0xe2, 0xcf, 0x7f, 0x0b,
  0x18, 0x19, 0x4a, 0xff, 0x1f, 0x2f, 0x88, 0xbe, 0x24, 0x13, 0xde, 0x2b,
  0xda, 0xb3, 0xeb, 0xee, 0xd1, 0xcd, 0xbc, 0xe3, 0xe6, 0x32, 0xa9, 0x40,
  0x65, 0x7f, 0x1d, 0xf0, 0x36, 0x9c, 0x03, 0x87, 0x7b, 0xa4, 0xee, 0x5a,
  0x45, 0xd6, 0xfa, 0x14, 0x81, 0x2d, 0x23, 0xdc, 0x28, 0x3b, 0xe0, 0xfd,
  0xf6, 0xc6, 0x20, 0x09, 0xb6, 0x4f, 0x03, 0xcb, 0xdf, 0xb8, 0xe3, 0x06,
  0xee, 0x2d, 0xa6, 0xc6, 0xe0, 0x67, 0x94, 0xcb, 0x0c, 0x9e, 0xf7, 0x04,
  0x1b, 0x17, 0xf5, 0x81, 0x40, 0xb0, 0x16, 0x22, 0xda, 0xc6, 0xeb, 0x58,
  0xaf, 0xcd, 0x5b, 0xd1, 0xd7, 0x01, 0x1b, 0xd6, 0xa2, 0xa3, 0x81, 0xd7,
  0x72, 0x08, 0xe7, 0xf5, 0xe3, 0x4a, 0x20, 0x40, 0xae, 0x1a, 0x41, 0xc7,
  0x4b, 0xcd, 0x2d, 0x53, 0xfb, 0xf9, 0xff, 0xb5, 0xff, 0x28, 0xe4, 0xeb,
  0x7f, 0x28, 0xa1, 0x25, 0x11, 0xc6, 0xf2, 0x2f, 0x8d, 0x15, 0xa6, 0x2d,
  0x39, 0xf7, 0xc6, 0xc3, 0x3d, 0xd6, 0x49, 0x55, 0x91, 0x5d, 0xdc, 0xe1,
  0x3e, 0x81, 0x43, 0x42, 0x00, 0x15, 0xc6, 0xf6, 0x36, 0xcb, 0xcb, 0x32,
  0xe2, 0xce, 0x36, 0xda, 0xba, 0x26, 0xeb, 0x43, 0x14, 0xeb, 0xf8, 0x16,
  0xae, 0x2e, 0xdf, 0x31, 0x30, 0x2d, 0xc1, 0x7f, 0xa4, 0x0c, 0x8b, 0x65,
  0x95, 0x93, 0x5e, 0x9e, 0x3a, 0xff, 0xff, 0xff, 0x04, 0x00, 0x00, 0x00,
  0x60, 0x00, 0x00, 0x00, 0x25, 0x02, 0x00, 0x00, 0x7d, 0xdc, 0xff, 0xff,
  0x4f, 0xfd, 0xff, 0xff, 0x7b, 0xde, 0xff, 0xff, 0xa4, 0x1c, 0x00, 0x00,
  0x4a, 0xff, 0xff, 0xff, 0xd4, 0x02, 0x00, 0x00, 0xfb, 0x26, 0x00, 0x00,
  0xaf, 0x03, 0x00, 0x00, 0x0c, 0x0c, 0x00, 0x00, 0x29, 0x16, 0x00, 0x00,
  0x68, 0x0d, 0x00, 0x00, 0x17, 0x13, 0x00, 0x00, 0xc2, 0xcf, 0xff, 0xff,
  0x55, 0x15, 0x00, 0x00, 0x2b, 0xf5, 0xff, 0xff, 0x72, 0x03, 0x00, 0x00,
  0x45, 0x06, 0x00, 0x00, 0x66, 0x13, 0x00, 0x00, 0x5a, 0x15, 0x00, 0x00,
  0xfd, 0x15, 0x00, 0x00, 0x04, 0x16, 0x00, 0x00, 0xa2, 0xf7, 0xff, 0xff,
  0x43, 0x06, 0x00, 0x00, 0xa6, 0xff, 0xff, 0xff, 0x04, 0x00, 0x00, 0x00,
  0x18, 0x00, 0x00, 0x00, 0x35, 0xec, 0xf4, 0x1e, 0xd1, 0x9b, 0x20, 0x8f,
  0x4d, 0x32, 0xab, 0x0f, 0x83, 0xf0, 0xde, 0x40, 0x81, 0x9b, 0xe4, 0x06,
  0xca, 0xad, 0xe0, 0xe3, 0xca, 0xff, 0xff, 0xff, 0x04, 0x00, 0x00, 0x00,
  0x04, 0x00, 0x00, 0x00, 0xf4, 0xfa, 0xff, 0xff, 0xda, 0xff, 0xff, 0xff,
  0x04, 0x00, 0x00, 0x00, 0x18, 0x00, 0x00, 0x00, 0x55, 0x45, 0xae, 0x81,
  0xa5, 0xc6, 0x51, 0x06, 0x1e, 0x0d, 0xcb, 0x25, 0xba, 0xc8, 0x2f, 0xe8,
  0x9d, 0x39, 0x21, 0x41, 0x1a, 0x20, 0x04, 0x3f, 0x00, 0x00, 0x06, 0x00,
  0x08, 0x00, 0x04, 0x00, 0x06, 0x00, 0x00, 0x00, 0x04, 0x00, 0x00, 0x00,
  0x04, 0x00, 0x00, 0x00, 0xc6, 0xfc, 0xff, 0xff, 0xfc, 0xff, 0xff, 0xff,
  0x04, 0x00, 0x04, 0x00, 0x04, 0x00, 0x00, 0x00, 0x0f, 0x00, 0x00, 0x00,
  0x4d, 0x4c, 0x49, 0x52, 0x20, 0x43, 0x6f, 0x6e, 0x76, 0x65, 0x72, 0x74,
  0x65, 0x64, 0x2e, 0x00, 0x01, 0x00, 0x00, 0x00, 0x14, 0x00, 0x00, 0x00,
  0x00, 0x00, 0x0e, 0x00, 0x18, 0x00, 0x14, 0x00, 0x10, 0x00, 0x0c, 0x00,
  0x08, 0x00, 0x04, 0x00, 0x0e, 0x00, 0x00, 0x00, 0x14, 0x00, 0x00, 0x00,
  0x1c, 0x00, 0x00, 0x00, 0x6c, 0x04, 0x00, 0x00, 0x74, 0x04, 0x00, 0x00,
  0x78, 0x04, 0x00, 0x00, 0x04, 0x00, 0x00, 0x00, 0x6d, 0x61, 0x69, 0x6e,
  0x00, 0x00, 0x00, 0x00, 0x0f, 0x00, 0x00, 0x00, 0x08, 0x04, 0x00, 0x00,
  0xa0, 0x03, 0x00, 0x00, 0x50, 0x03, 0x00, 0x00, 0x08, 0x03, 0x00, 0x00,
  0xb8, 0x02, 0x00, 0x00, 0x70, 0x02, 0x00, 0x00, 0x30, 0x02, 0x00, 0x00,
  0xe8, 0x01, 0x00, 0x00, 0xa8, 0x01, 0x00, 0x00, 0x60, 0x01, 0x00, 0x00,
  0x20, 0x01, 0x00, 0x00, 0xd8, 0x00, 0x00, 0x00, 0x98, 0x00, 0x00, 0x00,
  0x50, 0x00, 0x00, 0x00, 0x04, 0x00, 0x00, 0x00, 0x42, 0xfc, 0xff, 0xff,
  0x10, 0x00, 0x00, 0x00, 0x00, 0x00, 0x00, 0x01, 0x14, 0x00, 0x00, 0x00,
  0x18, 0x00, 0x00, 0x00, 0xb6, 0xff, 0xff, 0xff, 0x01, 0x00, 0x00, 0x00,
  0x01, 0x00, 0x00, 0x00, 0x01, 0x00, 0x00, 0x00, 0x2d, 0x00, 0x00, 0x00,
  0x03, 0x00, 0x00, 0x00, 0x2b, 0x00, 0x00, 0x00, 0x02, 0x00, 0x00, 0x00,
  0x01, 0x00, 0x00, 0x00, 0x00, 0x00, 0x0e, 0x00, 0x16, 0x00, 0x00, 0x00,
  0x10, 0x00, 0x0c, 0x00, 0x0b, 0x00, 0x04, 0x00, 0x0e, 0x00, 0x00, 0x00,
  0x1c, 0x00, 0x00, 0x00, 0x00, 0x00, 0x00, 0x01, 0x20, 0x00, 0x00, 0x00,
  0x24, 0x00, 0x00, 0x00, 0x00, 0x00, 0x0a, 0x00, 0x0c, 0x00, 0x00, 0x00,
  0x08, 0x00, 0x04, 0x00, 0x0a, 0x00, 0x00, 0x00, 0x01, 0x00, 0x00, 0x00,
  0x01, 0x00, 0x00, 0x00, 0x01, 0x00, 0x00, 0x00, 0x2c, 0x00, 0x00, 0x00,
  0x03, 0x00, 0x00, 0x00, 0x2b, 0x00, 0x00, 0x00, 0x04, 0x00, 0x00, 0x00,
  0x03, 0x00, 0x00, 0x00, 0xce, 0xfc, 0xff, 0xff, 0x10, 0x00, 0x00, 0x00,
  0x00, 0x00, 0x00, 0x01, 0x18, 0x00, 0x00, 0x00, 0x1c, 0x00, 0x00, 0x00,
  0xc0, 0xfc, 0xff, 0xff, 0x00, 0x00, 0x00, 0x03, 0x01, 0x00, 0x00, 0x00,
  0x01, 0x00, 0x00, 0x00, 0x01, 0x00, 0x00, 0x00, 0x2b, 0x00, 0x00, 0x00,
  0x03, 0x00, 0x00, 0x00, 0x2a, 0x00, 0x00, 0x00, 0x06, 0x00, 0x00, 0x00,
  0x05, 0x00, 0x00, 0x00, 0xfe, 0xfd, 0xff, 0xff, 0x14, 0x00, 0x00, 0x00,
  0x00, 0x00, 0x00, 0x02, 0x20, 0x00, 0x00, 0x00, 0x24, 0x00, 0x00, 0x00,
  0x01, 0x00, 0x00, 0x00, 0x5e, 0xfd, 0xff, 0xff, 0x00, 0x00, 0x00, 0x03,
  0x01, 0x00, 0x00, 0x00, 0x01, 0x00, 0x00, 0x00, 0x01, 0x00, 0x00, 0x00,
  0x01, 0x00, 0x00, 0x00, 0x2a, 0x00, 0x00, 0x00, 0x03, 0x00, 0x00, 0x00,
  0x29, 0x00, 0x00, 0x00, 0x08, 0x00, 0x00, 0x00, 0x07, 0x00, 0x00, 0x00,
  0x4e, 0xfd, 0xff, 0xff, 0x10, 0x00, 0x00, 0x00, 0x00, 0x00, 0x00, 0x01,
  0x18, 0x00, 0x00, 0x00, 0x1c, 0x00, 0x00, 0x00, 0x40, 0xfd, 0xff, 0xff,
  0x00, 0x00, 0x00, 0x03, 0x01, 0x00, 0x00, 0x00, 0x01, 0x00, 0x00, 0x00,
  0x01, 0x00, 0x00, 0x00, 0x29, 0x00, 0x00, 0x00, 0x03, 0x00, 0x00, 0x00,
  0x28, 0x00, 0x00, 0x00, 0x0a, 0x00, 0x00, 0x00, 0x09, 0x00, 0x00, 0x00,
  0x7e, 0xfe, 0xff, 0xff, 0x14, 0x00, 0x00, 0x00, 0x00, 0x00, 0x00, 0x02,
  0x20, 0x00, 0x00, 0x00, 0x24, 0x00, 0x00, 0x00, 0x01, 0x00, 0x00, 0x00,
  0xde, 0xfd, 0xff, 0xff, 0x00, 0x00, 0x00, 0x03, 0x01, 0x00, 0x00, 0x00,
  0x01, 0x00, 0x00, 0x00, 0x01, 0x00, 0x00, 0x00, 0x01, 0x00, 0x00, 0x00,
  0x28, 0x00, 0x00, 0x00, 0x03, 0x00, 0x00, 0x00, 0x27, 0x00, 0x00, 0x00,
  0x0c, 0x00, 0x00, 0x00, 0x0b, 0x00, 0x00, 0x00, 0xce, 0xfd, 0xff, 0xff,
  0x10, 0x00, 0x00, 0x00, 0x00, 0x00, 0x00, 0x01, 0x18, 0x00, 0x00, 0x00,
  0x1c, 0x00, 0x00, 0x00, 0xc0, 0xfd, 0xff, 0xff, 0x00, 0x00, 0x00, 0x03,
  0x01, 0x00, 0x00, 0x00, 0x01, 0x00, 0x00, 0x00, 0x01, 0x00, 0x00, 0x00,
  0x27, 0x00, 0x00, 0x00, 0x03, 0x00, 0x00, 0x00, 0x26, 0x00, 0x00, 0x00,
  0x0e, 0x00, 0x00, 0x00, 0x0d, 0x00, 0x00, 0x00, 0xfe, 0xfe, 0xff, 0xff,
  0x14, 0x00, 0x00, 0x00, 0x00, 0x00, 0x00, 0x02, 0x20, 0x00, 0x00, 0x00,
  0x24, 0x00, 0x00, 0x00, 0x01, 0x00, 0x00, 0x00, 0x5e, 0xfe, 0xff, 0xff,
  0x00, 0x00, 0x00, 0x03, 0x01, 0x00, 0x00, 0x00, 0x01, 0x00, 0x00, 0x00,
  0x01, 0x00, 0x00, 0x00, 0x01, 0x00, 0x00, 0x00, 0x26, 0x00, 0x00, 0x00,
  0x03, 0x00, 0x00, 0x00, 0x25, 0x00, 0x00, 0x00, 0x10, 0x00, 0x00, 0x00,
  0x0f, 0x00, 0x00, 0x00, 0x4e, 0xfe, 0xff, 0xff, 0x10, 0x00, 0x00, 0x00,
  0x00, 0x00, 0x00, 0x01, 0x18, 0x00, 0x00, 0x00, 0x1c, 0x00, 0x00, 0x00,
  0x40, 0xfe, 0xff, 0xff, 0x00, 0x00, 0x00, 0x03, 0x01, 0x00, 0x00, 0x00,
  0x01, 0x00, 0x00, 0x00, 0x01, 0x00, 0x00, 0x00, 0x25, 0x00, 0x00, 0x00,
  0x03, 0x00, 0x00, 0x00, 0x24, 0x00, 0x00, 0x00, 0x12, 0x00, 0x00, 0x00,
  0x11, 0x00, 0x00, 0x00, 0x7e, 0xff, 0xff, 0xff, 0x14, 0x00, 0x00, 0x00,
  0x00, 0x00, 0x00, 0x02, 0x20, 0x00, 0x00, 0x00, 0x24, 0x00, 0x00, 0x00,
  0x01, 0x00, 0x00, 0x00, 0xde, 0xfe, 0xff, 0xff, 0x00, 0x00, 0x00, 0x03,
  0x01, 0x00, 0x00, 0x00, 0x01, 0x00, 0x00, 0x00, 0x01, 0x00, 0x00, 0x00,
  0x01, 0x00, 0x00, 0x00, 0x24, 0x00, 0x00, 0x00, 0x03, 0x00, 0x00, 0x00,
  0x23, 0x00, 0x00, 0x00, 0x14, 0x00, 0x00, 0x00, 0x13, 0x00, 0x00, 0x00,
  0xce, 0xfe, 0xff, 0xff, 0x10, 0x00, 0x00, 0x00, 0x00, 0x00, 0x00, 0x01,
  0x18, 0x00, 0x00, 0x00, 0x1c, 0x00, 0x00, 0x00, 0xc0, 0xfe, 0xff, 0xff,
  0x00, 0x00, 0x00, 0x03, 0x01, 0x00, 0x00, 0x00, 0x01, 0x00, 0x00, 0x00,
  0x01, 0x00, 0x00, 0x00, 0x23, 0x00, 0x00, 0x00, 0x03, 0x00, 0x00, 0x00,
  0x22, 0x00, 0x00, 0x00, 0x16, 0x00, 0x00, 0x00, 0x15, 0x00, 0x00, 0x00,
  0x00, 0x00, 0x0e, 0x00, 0x18, 0x00, 0x14, 0x00, 0x10, 0x00, 0x0c, 0x00,
  0x0b, 0x00, 0x04, 0x00, 0x0e, 0x00, 0x00, 0x00, 0x14, 0x00, 0x00, 0x00,
  0x00, 0x00, 0x00, 0x02, 0x20, 0x00, 0x00, 0x00, 0x24, 0x00, 0x00, 0x00,
  0x01, 0x00, 0x00, 0x00, 0x6e, 0xff, 0xff, 0xff, 0x00, 0x00, 0x00, 0x03,
  0x01, 0x00, 0x00, 0x00, 0x02, 0x00, 0x00, 0x00, 0x02, 0x00, 0x00, 0x00,
  0x01, 0x00, 0x00, 0x00, 0x22, 0x00, 0x00, 0x00, 0x03, 0x00, 0x00, 0x00,
  0x21, 0x00, 0x00, 0x00, 0x18, 0x00, 0x00, 0x00, 0x17, 0x00, 0x00, 0x00,
  0x5e, 0xff, 0xff, 0xff, 0x10, 0x00, 0x00, 0x00, 0x00, 0x00, 0x00, 0x01,
  0x18, 0x00, 0x00, 0x00, 0x1c, 0x00, 0x00, 0x00, 0x50, 0xff, 0xff, 0xff,
  0x00, 0x00, 0x00, 0x03, 0x01, 0x00, 0x00, 0x00, 0x01, 0x00, 0x00, 0x00,
  0x01, 0x00, 0x00, 0x00, 0x21, 0x00, 0x00, 0x00, 0x03, 0x00, 0x00, 0x00,
  0x20, 0x00, 0x00, 0x00, 0x1a, 0x00, 0x00, 0x00, 0x19, 0x00, 0x00, 0x00,
  0x00, 0x00, 0x0e, 0x00, 0x1a, 0x00, 0x14, 0x00, 0x10, 0x00, 0x0c, 0x00,
  0x0b, 0x00, 0x04, 0x00, 0x0e, 0x00, 0x00, 0x00, 0x24, 0x00, 0x00, 0x00,
  0x00, 0x00, 0x00, 0x02, 0x30, 0x00, 0x00, 0x00, 0x34, 0x00, 0x00, 0x00,
  0x01, 0x00, 0x00, 0x00, 0x00, 0x00, 0x0e, 0x00, 0x14, 0x00, 0x00, 0x00,
  0x10, 0x00, 0x0c, 0x00, 0x08, 0x00, 0x07, 0x00, 0x0e, 0x00, 0x00, 0x00,
  0x00, 0x00, 0x00, 0x03, 0x01, 0x00, 0x00, 0x00, 0x01, 0x00, 0x00, 0x00,
  0x01, 0x00, 0x00, 0x00, 0x01, 0x00, 0x00, 0x00, 0x20, 0x00, 0x00, 0x00,
  0x03, 0x00, 0x00, 0x00, 0x1f, 0x00, 0x00, 0x00, 0x1c, 0x00, 0x00, 0x00,
  0x1b, 0x00, 0x00, 0x00, 0x00, 0x00, 0x0e, 0x00, 0x14, 0x00, 0x00, 0x00,
  0x10, 0x00, 0x0c, 0x00, 0x0b, 0x00, 0x04, 0x00, 0x0e, 0x00, 0x00, 0x00,
  0x1c, 0x00, 0x00, 0x00, 0x00, 0x00, 0x00, 0x01, 0x24, 0x00, 0x00, 0x00,
  0x28, 0x00, 0x00, 0x00, 0x0c, 0x00, 0x10, 0x00, 0x00, 0x00, 0x0c, 0x00,
  0x08, 0x00, 0x07, 0x00, 0x0c, 0x00, 0x00, 0x00, 0x00, 0x00, 0x00, 0x03,
  0x01, 0x00, 0x00, 0x00, 0x01, 0x00, 0x00, 0x00, 0x01, 0x00, 0x00, 0x00,
  0x1f, 0x00, 0x00, 0x00, 0x03, 0x00, 0x00, 0x00, 0x00, 0x00, 0x00, 0x00,
  0x1e, 0x00, 0x00, 0x00, 0x1d, 0x00, 0x00, 0x00, 0x02, 0x00, 0x00, 0x00,
  0x2c, 0x00, 0x00, 0x00, 0x2d, 0x00, 0x00, 0x00, 0x01, 0x00, 0x00, 0x00,
  0x00, 0x00, 0x00, 0x00, 0x2e, 0x00, 0x00, 0x00, 0xa4, 0x3d, 0x00, 0x00,
  0x2c, 0x3d, 0x00, 0x00, 0xa8, 0x3c, 0x00, 0x00, 0x44, 0x3c, 0x00, 0x00,
  0xd8, 0x3b, 0x00, 0x00, 0x64, 0x3a, 0x00, 0x00, 0xe0, 0x38, 0x00, 0x00,
  0x6c, 0x37, 0x00, 0x00, 0xd0, 0x35, 0x00, 0x00, 0x44, 0x34, 0x00, 0x00,
  0xc0, 0x32, 0x00, 0x00, 0xbc, 0x30, 0x00, 0x00, 0xa4, 0x2e, 0x00, 0x00,
  0x9c, 0x2c, 0x00, 0x00, 0x88, 0x2a, 0x00, 0x00, 0x14, 0x29, 0x00, 0x00,
  0x8c, 0x27, 0x00, 0x00, 0x14, 0x26, 0x00, 0x00, 0x90, 0x24, 0x00, 0x00,
  0x1c, 0x23, 0x00, 0x00, 0x94, 0x21, 0x00, 0x00, 0x1c, 0x20, 0x00, 0x00,
  0x98, 0x1e, 0x00, 0x00, 0xb4, 0x1d, 0x00, 0x00, 0xbc, 0x1c, 0x00, 0x00,
  0xd4, 0x1b, 0x00, 0x00, 0xe0, 0x1a, 0x00, 0x00, 0xfc, 0x19, 0x00, 0x00,
  0x04, 0x19, 0x00, 0x00, 0x1c, 0x18, 0x00, 0x00, 0x28, 0x17, 0x00, 0x00,
  0xd4, 0x15, 0x00, 0x00, 0xf0, 0x13, 0x00, 0x00, 0x7c, 0x12, 0x00, 0x00,
  0x88, 0x10, 0x00, 0x00, 0x0c, 0x0f, 0x00, 0x00, 0x28, 0x0d, 0x00, 0x00,
  0xb4, 0x0b, 0x00, 0x00, 0xb0, 0x09, 0x00, 0x00, 0x2c, 0x08, 0x00, 0x00,
  0x28, 0x06, 0x00, 0x00, 0xa4, 0x04, 0x00, 0x00, 0xa0, 0x02, 0x00, 0x00,
  0x1c, 0x01, 0x00, 0x00, 0x90, 0x00, 0x00, 0x00, 0x04, 0x00, 0x00, 0x00,
  0x2a, 0xc3, 0xff, 0xff, 0x00, 0x00, 0x00, 0x01, 0x18, 0x00, 0x00, 0x00,
  0x28, 0x00, 0x00, 0x00, 0x44, 0x00, 0x00, 0x00, 0x2e, 0x00, 0x00, 0x00,
  0x00, 0x00, 0x00, 0x09, 0x58, 0x00, 0x00, 0x00, 0x04, 0x00, 0x00, 0x00,
  0xff, 0xff, 0xff, 0xff, 0x30, 0x00, 0x00, 0x00, 0x30, 0x00, 0x00, 0x00,
  0x01, 0x00, 0x00, 0x00, 0x14, 0xc3, 0xff, 0xff, 0x08, 0x00, 0x00, 0x00,
  0x10, 0x00, 0x00, 0x00, 0x01, 0x00, 0x00, 0x00, 0x0a, 0x00, 0x00, 0x00,
  0x00, 0x00, 0x00, 0x00, 0x01, 0x00, 0x00, 0x00, 0x3c, 0x46, 0x26, 0x3d,
  0x1b, 0x00, 0x00, 0x00, 0x53, 0x74, 0x61, 0x74, 0x65, 0x66, 0x75, 0x6c,
  0x50, 0x61, 0x72, 0x74, 0x69, 0x74, 0x69, 0x6f, 0x6e, 0x65, 0x64, 0x43,
  0x61, 0x6c, 0x6c, 0x5f, 0x31, 0x3a, 0x30, 0x00, 0x04, 0x00, 0x00, 0x00,
  0x01, 0x00, 0x00, 0x00, 0x30, 0x00, 0x00, 0x00, 0x30, 0x00, 0x00, 0x00,
  0x01, 0x00, 0x00, 0x00, 0xb2, 0xc3, 0xff, 0xff, 0x00, 0x00, 0x00, 0x01,
  0x18, 0x00, 0x00, 0x00, 0x28, 0x00, 0x00, 0x00, 0x44, 0x00, 0x00, 0x00,
  0x2d, 0x00, 0x00, 0x00, 0x00, 0x00, 0x00, 0x09, 0x58, 0x00, 0x00, 0x00,
  0x04, 0x00, 0x00, 0x00, 0xff, 0xff, 0xff, 0xff, 0x30, 0x00, 0x00, 0x00,
  0x30, 0x00, 0x00, 0x00, 0x01, 0x00, 0x00, 0x00, 0x9c, 0xc3, 0xff, 0xff,
  0x08, 0x00, 0x00, 0x00, 0x10, 0x00, 0x00, 0x00, 0x01, 0x00, 0x00, 0x00,
  0x24, 0x00, 0x00, 0x00, 0x00, 0x00, 0x00, 0x00, 0x01, 0x00, 0x00, 0x00,
  0x26, 0x64, 0x82, 0x3d, 0x1b, 0x00, 0x00, 0x00, 0x53, 0x74, 0x61, 0x74,
  0x65, 0x66, 0x75, 0x6c, 0x50, 0x61, 0x72, 0x74, 0x69, 0x74, 0x69, 0x6f,
  0x6e, 0x65, 0x64, 0x43, 0x61, 0x6c, 0x6c, 0x5f, 0x31, 0x3a, 0x31, 0x00,
  0x04, 0x00, 0x00, 0x00, 0x01, 0x00, 0x00, 0x00, 0x30, 0x00, 0x00, 0x00,
  0x30, 0x00, 0x00, 0x00, 0x01, 0x00, 0x00, 0x00, 0x3a, 0xc4, 0xff, 0xff,
  0x00, 0x00, 0x00, 0x01, 0x18, 0x00, 0x00, 0x00, 0x28, 0x00, 0x00, 0x00,
  0x44, 0x00, 0x00, 0x00, 0x2c, 0x00, 0x00, 0x00, 0x00, 0x00, 0x00, 0x09,
  0x50, 0x01, 0x00, 0x00, 0x04, 0x00, 0x00, 0x00, 0xff, 0xff, 0xff, 0xff,
  0x30, 0x00, 0x00, 0x00, 0x30, 0x00, 0x00, 0x00, 0x18, 0x00, 0x00, 0x00,
  0x24, 0xc4, 0xff, 0xff, 0x08, 0x00, 0x00, 0x00, 0x10, 0x00, 0x00, 0x00,
  0x01, 0x00, 0x00, 0x00, 0x80, 0xff, 0xff, 0xff, 0xff, 0xff, 0xff, 0xff,
  0x01, 0x00, 0x00, 0x00, 0xc1, 0xc0, 0xc0, 0x3c, 0x11, 0x01, 0x00, 0x00,
  0x6d, 0x6f, 0x64, 0x75, 0x6c, 0x61, 0x72, 0x5f, 0x73, 0x68, 0x61, 0x64,
  0x6f, 0x77, 0x5f, 0x65, 0x78, 0x63, 0x6c, 0x75, 0x73, 0x69, 0x6f, 0x6e,
  0x5f, 0x6e, 0x65, 0x74, 0x5f, 0x70, 0x34, 0x5f, 0x31, 0x2f, 0x70, 0x34,
  0x5f, 0x72, 0x65, 0x66, 0x69, 0x6e, 0x65, 0x5f, 0x63, 0x5f, 0x70, 0x72,
  0x6f, 0x6a, 0x5f, 0x72, 0x65, 0x6c, 0x75, 0x5f, 0x31, 0x2f, 0x52, 0x65,
  0x6c, 0x75, 0x36, 0x3b, 0x6d, 0x6f, 0x64, 0x75, 0x6c, 0x61, 0x72, 0x5f,
  0x73, 0x68, 0x61, 0x64, 0x6f, 0x77, 0x5f, 0x65, 0x78, 0x63, 0x6c, 0x75,
  0x73, 0x69, 0x6f, 0x6e, 0x5f, 0x6e, 0x65, 0x74, 0x5f, 0x70, 0x34, 0x5f,
  0x31, 0x2f, 0x70, 0x34, 0x5f, 0x72, 0x65, 0x66, 0x69, 0x6e, 0x65, 0x5f,
  0x63, 0x5f, 0x70, 0x72, 0x6f, 0x6a, 0x5f, 0x62, 0x6e, 0x5f, 0x31, 0x2f,
  0x62, 0x61, 0x74, 0x63, 0x68, 0x6e, 0x6f, 0x72, 0x6d, 0x2f, 0x61, 0x64,
  0x64, 0x5f, 0x31, 0x3b, 0x6d, 0x6f, 0x64, 0x75, 0x6c, 0x61, 0x72, 0x5f,
  0x73, 0x68, 0x61, 0x64, 0x6f, 0x77, 0x5f, 0x65, 0x78, 0x63, 0x6c, 0x75,
  0x73, 0x69, 0x6f, 0x6e, 0x5f, 0x6e, 0x65, 0x74, 0x5f, 0x70, 0x34, 0x5f,
  0x31, 0x2f, 0x70, 0x34, 0x5f, 0x72, 0x65, 0x66, 0x69, 0x6e, 0x65, 0x5f,
  0x63, 0x5f, 0x70, 0x72, 0x6f, 0x6a, 0x5f, 0x70, 0x77, 0x5f, 0x31, 0x2f,
  0x63, 0x6f, 0x6e, 0x76, 0x6f, 0x6c, 0x75, 0x74, 0x69, 0x6f, 0x6e, 0x3b,
  0x6d, 0x6f, 0x64, 0x75, 0x6c, 0x61, 0x72, 0x5f, 0x73, 0x68, 0x61, 0x64,
  0x6f, 0x77, 0x5f, 0x65, 0x78, 0x63, 0x6c, 0x75, 0x73, 0x69, 0x6f, 0x6e,
  0x5f, 0x6e, 0x65, 0x74, 0x5f, 0x70, 0x34, 0x5f, 0x31, 0x2f, 0x70, 0x34,
  0x5f, 0x72, 0x65, 0x66, 0x69, 0x6e, 0x65, 0x5f, 0x63, 0x5f, 0x70, 0x72,
  0x6f, 0x6a, 0x5f, 0x62, 0x6e, 0x5f, 0x31, 0x2f, 0x62, 0x61, 0x74, 0x63,
  0x68, 0x6e, 0x6f, 0x72, 0x6d, 0x2f, 0x73, 0x75, 0x62, 0x00, 0x00, 0x00,
  0x04, 0x00, 0x00, 0x00, 0x01, 0x00, 0x00, 0x00, 0x30, 0x00, 0x00, 0x00,
  0x30, 0x00, 0x00, 0x00, 0x18, 0x00, 0x00, 0x00, 0xba, 0xc5, 0xff, 0xff,
  0x00, 0x00, 0x00, 0x01, 0x18, 0x00, 0x00, 0x00, 0x28, 0x00, 0x00, 0x00,
  0x48, 0x00, 0x00, 0x00, 0x2b, 0x00, 0x00, 0x00, 0x00, 0x00, 0x00, 0x09,
  0xd0, 0x01, 0x00, 0x00, 0x04, 0x00, 0x00, 0x00, 0xff, 0xff, 0xff, 0xff,
  0x30, 0x00, 0x00, 0x00, 0x30, 0x00, 0x00, 0x00, 0x18, 0x00, 0x00, 0x00,
  0xa4, 0xc5, 0xff, 0xff, 0x08, 0x00, 0x00, 0x00, 0x14, 0x00, 0x00, 0x00,
  0x01, 0x00, 0x00, 0x00, 0x80, 0xff, 0xff, 0xff, 0xff, 0xff, 0xff, 0xff,
  0x00, 0x00, 0x00, 0x00, 0x01, 0x00, 0x00, 0x00, 0xc1, 0xc0, 0xc0, 0x3c,
  0x8e, 0x01, 0x00, 0x00, 0x6d, 0x6f, 0x64, 0x75, 0x6c, 0x61, 0x72, 0x5f,
  0x73, 0x68, 0x61, 0x64, 0x6f, 0x77, 0x5f, 0x65, 0x78, 0x63, 0x6c, 0x75,
  0x73, 0x69, 0x6f, 0x6e, 0x5f, 0x6e, 0x65, 0x74, 0x5f, 0x70, 0x34, 0x5f,
  0x31, 0x2f, 0x70, 0x34, 0x5f, 0x72, 0x65, 0x66, 0x69, 0x6e, 0x65, 0x5f,
  0x63, 0x5f, 0x64, 0x77, 0x5f, 0x72, 0x65, 0x6c, 0x75, 0x5f, 0x31, 0x2f,
  0x52, 0x65, 0x6c, 0x75, 0x36, 0x3b, 0x6d, 0x6f, 0x64, 0x75, 0x6c, 0x61,
  0x72, 0x5f, 0x73, 0x68, 0x61, 0x64, 0x6f, 0x77, 0x5f, 0x65, 0x78, 0x63,
  0x6c, 0x75, 0x73, 0x69, 0x6f, 0x6e, 0x5f, 0x6e, 0x65, 0x74, 0x5f, 0x70,
  0x34, 0x5f, 0x31, 0x2f, 0x70, 0x34, 0x5f, 0x72, 0x65, 0x66, 0x69, 0x6e,
  0x65, 0x5f, 0x63, 0x5f, 0x64, 0x77, 0x5f, 0x62, 0x6e, 0x5f, 0x31, 0x2f,
  0x62, 0x61, 0x74, 0x63, 0x68, 0x6e, 0x6f, 0x72, 0x6d, 0x2f, 0x61, 0x64,
  0x64, 0x5f, 0x31, 0x3b, 0x6d, 0x6f, 0x64, 0x75, 0x6c, 0x61, 0x72, 0x5f,
  0x73, 0x68, 0x61, 0x64, 0x6f, 0x77, 0x5f, 0x65, 0x78, 0x63, 0x6c, 0x75,
  0x73, 0x69, 0x6f, 0x6e, 0x5f, 0x6e, 0x65, 0x74, 0x5f, 0x70, 0x34, 0x5f,
  0x31, 0x2f, 0x70, 0x34, 0x5f, 0x72, 0x65, 0x66, 0x69, 0x6e, 0x65, 0x5f,
  0x63, 0x5f, 0x64, 0x77, 0x5f, 0x62, 0x6e, 0x5f, 0x31, 0x2f, 0x62, 0x61,
  0x74, 0x63, 0x68, 0x6e, 0x6f, 0x72, 0x6d, 0x2f, 0x6d, 0x75, 0x6c, 0x5f,
  0x31, 0x3b, 0x6d, 0x6f, 0x64, 0x75, 0x6c, 0x61, 0x72, 0x5f, 0x73, 0x68,
  0x61, 0x64, 0x6f, 0x77, 0x5f, 0x65, 0x78, 0x63, 0x6c, 0x75, 0x73, 0x69,
  0x6f, 0x6e, 0x5f, 0x6e, 0x65, 0x74, 0x5f, 0x70, 0x34, 0x5f, 0x31, 0x2f,
  0x70, 0x34, 0x5f, 0x72, 0x65, 0x66, 0x69, 0x6e, 0x65, 0x5f, 0x63, 0x5f,
  0x64, 0x77, 0x5f, 0x31, 0x2f, 0x64, 0x65, 0x70, 0x74, 0x68, 0x77, 0x69,
  0x73, 0x65, 0x3b, 0x6d, 0x6f, 0x64, 0x75, 0x6c, 0x61, 0x72, 0x5f, 0x73,
  0x68, 0x61, 0x64, 0x6f, 0x77, 0x5f, 0x65, 0x78, 0x63, 0x6c, 0x75, 0x73,
  0x69, 0x6f, 0x6e, 0x5f, 0x6e, 0x65, 0x74, 0x5f, 0x70, 0x34, 0x5f, 0x31,
  0x2f, 0x70, 0x34, 0x5f, 0x72, 0x65, 0x66, 0x69, 0x6e, 0x65, 0x5f, 0x63,
  0x5f, 0x64, 0x77, 0x5f, 0x62, 0x6e, 0x5f, 0x31, 0x2f, 0x62, 0x61, 0x74,
  0x63, 0x68, 0x6e, 0x6f, 0x72, 0x6d, 0x2f, 0x6d, 0x75, 0x6c, 0x3b, 0x6d,
  0x6f, 0x64, 0x75, 0x6c, 0x61, 0x72, 0x5f, 0x73, 0x68, 0x61, 0x64, 0x6f,
  0x77, 0x5f, 0x65, 0x78, 0x63, 0x6c, 0x75, 0x73, 0x69, 0x6f, 0x6e, 0x5f,
  0x6e, 0x65, 0x74, 0x5f, 0x70, 0x34, 0x5f, 0x31, 0x2f, 0x70, 0x34, 0x5f,
  0x72, 0x65, 0x66, 0x69, 0x6e, 0x65, 0x5f, 0x63, 0x5f, 0x64, 0x77, 0x5f,
  0x62, 0x6e, 0x5f, 0x31, 0x2f, 0x62, 0x61, 0x74, 0x63, 0x68, 0x6e, 0x6f,
  0x72, 0x6d, 0x2f, 0x73, 0x75, 0x62, 0x00, 0x00, 0x04, 0x00, 0x00, 0x00,
  0x01, 0x00, 0x00, 0x00, 0x30, 0x00, 0x00, 0x00, 0x30, 0x00, 0x00, 0x00,
  0x18, 0x00, 0x00, 0x00, 0xba, 0xc7, 0xff, 0xff, 0x00, 0x00, 0x00, 0x01,
  0x18, 0x00, 0x00, 0x00, 0x28, 0x00, 0x00, 0x00, 0x44, 0x00, 0x00, 0x00,
  0x2a, 0x00, 0x00, 0x00, 0x00, 0x00, 0x00, 0x09, 0x50, 0x01, 0x00, 0x00,
  0x04, 0x00, 0x00, 0x00, 0xff, 0xff, 0xff, 0xff, 0x30, 0x00, 0x00, 0x00,
  0x30, 0x00, 0x00, 0x00, 0x18, 0x00, 0x00, 0x00, 0xa4, 0xc7, 0xff, 0xff,
  0x08, 0x00, 0x00, 0x00, 0x10, 0x00, 0x00, 0x00, 0x01, 0x00, 0x00, 0x00,
  0x80, 0xff, 0xff, 0xff, 0xff, 0xff, 0xff, 0xff, 0x01, 0x00, 0x00, 0x00,
  0xc1, 0xc0, 0xc0, 0x3c, 0x11, 0x01, 0x00, 0x00, 0x6d, 0x6f, 0x64, 0x75,
  0x6c, 0x61, 0x72, 0x5f, 0x73, 0x68, 0x61, 0x64, 0x6f, 0x77, 0x5f, 0x65,
  0x78, 0x63, 0x6c, 0x75, 0x73, 0x69, 0x6f, 0x6e, 0x5f, 0x6e, 0x65, 0x74,
  0x5f, 0x70, 0x34, 0x5f, 0x31, 0x2f, 0x70, 0x34, 0x5f, 0x72, 0x65, 0x66,
  0x69, 0x6e, 0x65, 0x5f, 0x62, 0x5f, 0x70, 0x72, 0x6f, 0x6a, 0x5f, 0x72,
  0x65, 0x6c, 0x75, 0x5f, 0x31, 0x2f, 0x52, 0x65, 0x6c, 0x75, 0x36, 0x3b,
  0x6d, 0x6f, 0x64, 0x75, 0x6c, 0x61, 0x72, 0x5f, 0x73, 0x68, 0x61, 0x64,
  0x6f, 0x77, 0x5f, 0x65, 0x78, 0x63, 0x6c, 0x75, 0x73, 0x69, 0x6f, 0x6e,
  0x5f, 0x6e, 0x65, 0x74, 0x5f, 0x70, 0x34, 0x5f, 0x31, 0x2f, 0x70, 0x34,
  0x5f, 0x72, 0x65, 0x66, 0x69, 0x6e, 0x65, 0x5f, 0x62, 0x5f, 0x70, 0x72,
  0x6f, 0x6a, 0x5f, 0x62, 0x6e, 0x5f, 0x31, 0x2f, 0x62, 0x61, 0x74, 0x63,
  0x68, 0x6e, 0x6f, 0x72, 0x6d, 0x2f, 0x61, 0x64, 0x64, 0x5f, 0x31, 0x3b,
  0x6d, 0x6f, 0x64, 0x75, 0x6c, 0x61, 0x72, 0x5f, 0x73, 0x68, 0x61, 0x64,
  0x6f, 0x77, 0x5f, 0x65, 0x78, 0x63, 0x6c, 0x75, 0x73, 0x69, 0x6f, 0x6e,
  0x5f, 0x6e, 0x65, 0x74, 0x5f, 0x70, 0x34, 0x5f, 0x31, 0x2f, 0x70, 0x34,
  0x5f, 0x72, 0x65, 0x66, 0x69, 0x6e, 0x65, 0x5f, 0x62, 0x5f, 0x70, 0x72,
  0x6f, 0x6a, 0x5f, 0x70, 0x77, 0x5f, 0x31, 0x2f, 0x63, 0x6f, 0x6e, 0x76,
  0x6f, 0x6c, 0x75, 0x74, 0x69, 0x6f, 0x6e, 0x3b, 0x6d, 0x6f, 0x64, 0x75,
  0x6c, 0x61, 0x72, 0x5f, 0x73, 0x68, 0x61, 0x64, 0x6f, 0x77, 0x5f, 0x65,
  0x78, 0x63, 0x6c, 0x75, 0x73, 0x69, 0x6f, 0x6e, 0x5f, 0x6e, 0x65, 0x74,
  0x5f, 0x70, 0x34, 0x5f, 0x31, 0x2f, 0x70, 0x34, 0x5f, 0x72, 0x65, 0x66,
  0x69, 0x6e, 0x65, 0x5f, 0x62, 0x5f, 0x70, 0x72, 0x6f, 0x6a, 0x5f, 0x62,
  0x6e, 0x5f, 0x31, 0x2f, 0x62, 0x61, 0x74, 0x63, 0x68, 0x6e, 0x6f, 0x72,
  0x6d, 0x2f, 0x73, 0x75, 0x62, 0x00, 0x00, 0x00, 0x04, 0x00, 0x00, 0x00,
  0x01, 0x00, 0x00, 0x00, 0x30, 0x00, 0x00, 0x00, 0x30, 0x00, 0x00, 0x00,
  0x18, 0x00, 0x00, 0x00, 0x3a, 0xc9, 0xff, 0xff, 0x00, 0x00, 0x00, 0x01,
  0x18, 0x00, 0x00, 0x00, 0x28, 0x00, 0x00, 0x00, 0x48, 0x00, 0x00, 0x00,
  0x29, 0x00, 0x00, 0x00, 0x00, 0x00, 0x00, 0x09, 0xd0, 0x01, 0x00, 0x00,
  0x04, 0x00, 0x00, 0x00, 0xff, 0xff, 0xff, 0xff, 0x30, 0x00, 0x00, 0x00,
  0x30, 0x00, 0x00, 0x00, 0x24, 0x00, 0x00, 0x00, 0x24, 0xc9, 0xff, 0xff,
  0x08, 0x00, 0x00, 0x00, 0x14, 0x00, 0x00, 0x00, 0x01, 0x00, 0x00, 0x00,
  0x80, 0xff, 0xff, 0xff, 0xff, 0xff, 0xff, 0xff, 0x00, 0x00, 0x00, 0x00,
  0x01, 0x00, 0x00, 0x00, 0xc1, 0xc0, 0xc0, 0x3c, 0x8e, 0x01, 0x00, 0x00,
  0x6d, 0x6f, 0x64, 0x75, 0x6c, 0x61, 0x72, 0x5f, 0x73, 0x68, 0x61, 0x64,
  0x6f, 0x77, 0x5f, 0x65, 0x78, 0x63, 0x6c, 0x75, 0x73, 0x69, 0x6f, 0x6e,
  0x5f, 0x6e, 0x65, 0x74, 0x5f, 0x70, 0x34, 0x5f, 0x31, 0x2f, 0x70, 0x34,
  0x5f, 0x72, 0x65, 0x66, 0x69, 0x6e, 0x65, 0x5f, 0x62, 0x5f, 0x64, 0x77,
  0x5f, 0x72, 0x65, 0x6c, 0x75, 0x5f, 0x31, 0x2f, 0x52, 0x65, 0x6c, 0x75,
  0x36, 0x3b, 0x6d, 0x6f, 0x64, 0x75, 0x6c, 0x61, 0x72, 0x5f, 0x73, 0x68,
  0x61, 0x64, 0x6f, 0x77, 0x5f, 0x65, 0x78, 0x63, 0x6c, 0x75, 0x73, 0x69,
  0x6f, 0x6e, 0x5f, 0x6e, 0x65, 0x74, 0x5f, 0x70, 0x34, 0x5f, 0x31, 0x2f,
  0x70, 0x34, 0x5f, 0x72, 0x65, 0x66, 0x69, 0x6e, 0x65, 0x5f, 0x62, 0x5f,
  0x64, 0x77, 0x5f, 0x62, 0x6e, 0x5f, 0x31, 0x2f, 0x62, 0x61, 0x74, 0x63,
  0x68, 0x6e, 0x6f, 0x72, 0x6d, 0x2f, 0x61, 0x64, 0x64, 0x5f, 0x31, 0x3b,
  0x6d, 0x6f, 0x64, 0x75, 0x6c, 0x61, 0x72, 0x5f, 0x73, 0x68, 0x61, 0x64,
  0x6f, 0x77, 0x5f, 0x65, 0x78, 0x63, 0x6c, 0x75, 0x73, 0x69, 0x6f, 0x6e,
  0x5f, 0x6e, 0x65, 0x74, 0x5f, 0x70, 0x34, 0x5f, 0x31, 0x2f, 0x70, 0x34,
  0x5f, 0x72, 0x65, 0x66, 0x69, 0x6e, 0x65, 0x5f, 0x62, 0x5f, 0x64, 0x77,
  0x5f, 0x62, 0x6e, 0x5f, 0x31, 0x2f, 0x62, 0x61, 0x74, 0x63, 0x68, 0x6e,
  0x6f, 0x72, 0x6d, 0x2f, 0x6d, 0x75, 0x6c, 0x5f, 0x31, 0x3b, 0x6d, 0x6f,
  0x64, 0x75, 0x6c, 0x61, 0x72, 0x5f, 0x73, 0x68, 0x61, 0x64, 0x6f, 0x77,
  0x5f, 0x65, 0x78, 0x63, 0x6c, 0x75, 0x73, 0x69, 0x6f, 0x6e, 0x5f, 0x6e,
  0x65, 0x74, 0x5f, 0x70, 0x34, 0x5f, 0x31, 0x2f, 0x70, 0x34, 0x5f, 0x72,
  0x65, 0x66, 0x69, 0x6e, 0x65, 0x5f, 0x62, 0x5f, 0x64, 0x77, 0x5f, 0x31,
  0x2f, 0x64, 0x65, 0x70, 0x74, 0x68, 0x77, 0x69, 0x73, 0x65, 0x3b, 0x6d,
  0x6f, 0x64, 0x75, 0x6c, 0x61, 0x72, 0x5f, 0x73, 0x68, 0x61, 0x64, 0x6f,
  0x77, 0x5f, 0x65, 0x78, 0x63, 0x6c, 0x75, 0x73, 0x69, 0x6f, 0x6e, 0x5f,
  0x6e, 0x65, 0x74, 0x5f, 0x70, 0x34, 0x5f, 0x31, 0x2f, 0x70, 0x34, 0x5f,
  0x72, 0x65, 0x66, 0x69, 0x6e, 0x65, 0x5f, 0x62, 0x5f, 0x64, 0x77, 0x5f,
  0x62, 0x6e, 0x5f, 0x31, 0x2f, 0x62, 0x61, 0x74, 0x63, 0x68, 0x6e, 0x6f,
  0x72, 0x6d, 0x2f, 0x6d, 0x75, 0x6c, 0x3b, 0x6d, 0x6f, 0x64, 0x75, 0x6c,
  0x61, 0x72, 0x5f, 0x73, 0x68, 0x61, 0x64, 0x6f, 0x77, 0x5f, 0x65, 0x78,
  0x63, 0x6c, 0x75, 0x73, 0x69, 0x6f, 0x6e, 0x5f, 0x6e, 0x65, 0x74, 0x5f,
  0x70, 0x34, 0x5f, 0x31, 0x2f, 0x70, 0x34, 0x5f, 0x72, 0x65, 0x66, 0x69,
  0x6e, 0x65, 0x5f, 0x62, 0x5f, 0x64, 0x77, 0x5f, 0x62, 0x6e, 0x5f, 0x31,
  0x2f, 0x62, 0x61, 0x74, 0x63, 0x68, 0x6e, 0x6f, 0x72, 0x6d, 0x2f, 0x73,
  0x75, 0x62, 0x00, 0x00, 0x04, 0x00, 0x00, 0x00, 0x01, 0x00, 0x00, 0x00,
  0x30, 0x00, 0x00, 0x00, 0x30, 0x00, 0x00, 0x00, 0x24, 0x00, 0x00, 0x00,
  0x3a, 0xcb, 0xff, 0xff, 0x00, 0x00, 0x00, 0x01, 0x18, 0x00, 0x00, 0x00,
  0x28, 0x00, 0x00, 0x00, 0x44, 0x00, 0x00, 0x00, 0x28, 0x00, 0x00, 0x00,
  0x00, 0x00, 0x00, 0x09, 0x50, 0x01, 0x00, 0x00, 0x04, 0x00, 0x00, 0x00,
  0xff, 0xff, 0xff, 0xff, 0x30, 0x00, 0x00, 0x00, 0x30, 0x00, 0x00, 0x00,
  0x24, 0x00, 0x00, 0x00, 0x24, 0xcb, 0xff, 0xff, 0x08, 0x00, 0x00, 0x00,
  0x10, 0x00, 0x00, 0x00, 0x01, 0x00, 0x00, 0x00, 0x80, 0xff, 0xff, 0xff,
  0xff, 0xff, 0xff, 0xff, 0x01, 0x00, 0x00, 0x00, 0xc1, 0xc0, 0xc0, 0x3c,
  0x11, 0x01, 0x00, 0x00, 0x6d, 0x6f, 0x64, 0x75, 0x6c, 0x61, 0x72, 0x5f,
  0x73, 0x68, 0x61, 0x64, 0x6f, 0x77, 0x5f, 0x65, 0x78, 0x63, 0x6c, 0x75,
  0x73, 0x69, 0x6f, 0x6e, 0x5f, 0x6e, 0x65, 0x74, 0x5f, 0x70, 0x34, 0x5f,
  0x31, 0x2f, 0x70, 0x34, 0x5f, 0x72, 0x65, 0x66, 0x69, 0x6e, 0x65, 0x5f,
  0x61, 0x5f, 0x70, 0x72, 0x6f, 0x6a, 0x5f, 0x72, 0x65, 0x6c, 0x75, 0x5f,
  0x31, 0x2f, 0x52, 0x65, 0x6c, 0x75, 0x36, 0x3b, 0x6d, 0x6f, 0x64, 0x75,
  0x6c, 0x61, 0x72, 0x5f, 0x73, 0x68, 0x61, 0x64, 0x6f, 0x77, 0x5f, 0x65,
  0x78, 0x63, 0x6c, 0x75, 0x73, 0x69, 0x6f, 0x6e, 0x5f, 0x6e, 0x65, 0x74,
  0x5f, 0x70, 0x34, 0x5f, 0x31, 0x2f, 0x70, 0x34, 0x5f, 0x72, 0x65, 0x66,
  0x69, 0x6e, 0x65, 0x5f, 0x61, 0x5f, 0x70, 0x72, 0x6f, 0x6a, 0x5f, 0x62,
  0x6e, 0x5f, 0x31, 0x2f, 0x62, 0x61, 0x74, 0x63, 0x68, 0x6e, 0x6f, 0x72,
  0x6d, 0x2f, 0x61, 0x64, 0x64, 0x5f, 0x31, 0x3b, 0x6d, 0x6f, 0x64, 0x75,
  0x6c, 0x61, 0x72, 0x5f, 0x73, 0x68, 0x61, 0x64, 0x6f, 0x77, 0x5f, 0x65,
  0x78, 0x63, 0x6c, 0x75, 0x73, 0x69, 0x6f, 0x6e, 0x5f, 0x6e, 0x65, 0x74,
  0x5f, 0x70, 0x34, 0x5f, 0x31, 0x2f, 0x70, 0x34, 0x5f, 0x72, 0x65, 0x66,
  0x69, 0x6e, 0x65, 0x5f, 0x61, 0x5f, 0x70, 0x72, 0x6f, 0x6a, 0x5f, 0x70,
  0x77, 0x5f, 0x31, 0x2f, 0x63, 0x6f, 0x6e, 0x76, 0x6f, 0x6c, 0x75, 0x74,
  0x69, 0x6f, 0x6e, 0x3b, 0x6d, 0x6f, 0x64, 0x75, 0x6c, 0x61, 0x72, 0x5f,
  0x73, 0x68, 0x61, 0x64, 0x6f, 0x77, 0x5f, 0x65, 0x78, 0x63, 0x6c, 0x75,
  0x73, 0x69, 0x6f, 0x6e, 0x5f, 0x6e, 0x65, 0x74, 0x5f, 0x70, 0x34, 0x5f,
  0x31, 0x2f, 0x70, 0x34, 0x5f, 0x72, 0x65, 0x66, 0x69, 0x6e, 0x65, 0x5f,
  0x61, 0x5f, 0x70, 0x72, 0x6f, 0x6a, 0x5f, 0x62, 0x6e, 0x5f, 0x31, 0x2f,
  0x62, 0x61, 0x74, 0x63, 0x68, 0x6e, 0x6f, 0x72, 0x6d, 0x2f, 0x73, 0x75,
  0x62, 0x00, 0x00, 0x00, 0x04, 0x00, 0x00, 0x00, 0x01, 0x00, 0x00, 0x00,
  0x30, 0x00, 0x00, 0x00, 0x30, 0x00, 0x00, 0x00, 0x24, 0x00, 0x00, 0x00,
  0xba, 0xcc, 0xff, 0xff, 0x00, 0x00, 0x00, 0x01, 0x18, 0x00, 0x00, 0x00,
  0x28, 0x00, 0x00, 0x00, 0x48, 0x00, 0x00, 0x00, 0x27, 0x00, 0x00, 0x00,
  0x00, 0x00, 0x00, 0x09, 0xd0, 0x01, 0x00, 0x00, 0x04, 0x00, 0x00, 0x00,
  0xff, 0xff, 0xff, 0xff, 0x30, 0x00, 0x00, 0x00, 0x30, 0x00, 0x00, 0x00,
  0x18, 0x00, 0x00, 0x00, 0xa4, 0xcc, 0xff, 0xff, 0x08, 0x00, 0x00, 0x00,
  0x14, 0x00, 0x00, 0x00, 0x01, 0x00, 0x00, 0x00, 0x80, 0xff, 0xff, 0xff,
  0xff, 0xff, 0xff, 0xff, 0x00, 0x00, 0x00, 0x00, 0x01, 0x00, 0x00, 0x00,
  0xc1, 0xc0, 0xc0, 0x3c, 0x8e, 0x01, 0x00, 0x00, 0x6d, 0x6f, 0x64, 0x75,
  0x6c, 0x61, 0x72, 0x5f, 0x73, 0x68, 0x61, 0x64, 0x6f, 0x77, 0x5f, 0x65,
  0x78, 0x63, 0x6c, 0x75, 0x73, 0x69, 0x6f, 0x6e, 0x5f, 0x6e, 0x65, 0x74,
  0x5f, 0x70, 0x34, 0x5f, 0x31, 0x2f, 0x70, 0x34, 0x5f, 0x72, 0x65, 0x66,
  0x69, 0x6e, 0x65, 0x5f, 0x61, 0x5f, 0x64, 0x77, 0x5f, 0x72, 0x65, 0x6c,
  0x75, 0x5f, 0x31, 0x2f, 0x52, 0x65, 0x6c, 0x75, 0x36, 0x3b, 0x6d, 0x6f,
  0x64, 0x75, 0x6c, 0x61, 0x72, 0x5f, 0x73, 0x68, 0x61, 0x64, 0x6f, 0x77,
  0x5f, 0x65, 0x78, 0x63, 0x6c, 0x75, 0x73, 0x69, 0x6f, 0x6e, 0x5f, 0x6e,
  0x65, 0x74, 0x5f, 0x70, 0x34, 0x5f, 0x31, 0x2f, 0x70, 0x34, 0x5f, 0x72,
  0x65, 0x66, 0x69, 0x6e, 0x65, 0x5f, 0x61, 0x5f, 0x64, 0x77, 0x5f, 0x62,
  0x6e, 0x5f, 0x31, 0x2f, 0x62, 0x61, 0x74, 0x63, 0x68, 0x6e, 0x6f, 0x72,
  0x6d, 0x2f, 0x61, 0x64, 0x64, 0x5f, 0x31, 0x3b, 0x6d, 0x6f, 0x64, 0x75,
  0x6c, 0x61, 0x72, 0x5f, 0x73, 0x68, 0x61, 0x64, 0x6f, 0x77, 0x5f, 0x65,
  0x78, 0x63, 0x6c, 0x75, 0x73, 0x69, 0x6f, 0x6e, 0x5f, 0x6e, 0x65, 0x74,
  0x5f, 0x70, 0x34, 0x5f, 0x31, 0x2f, 0x70, 0x34, 0x5f, 0x72, 0x65, 0x66,
  0x69, 0x6e, 0x65, 0x5f, 0x61, 0x5f, 0x64, 0x77, 0x5f, 0x62, 0x6e, 0x5f,
  0x31, 0x2f, 0x62, 0x61, 0x74, 0x63, 0x68, 0x6e, 0x6f, 0x72, 0x6d, 0x2f,
  0x6d, 0x75, 0x6c, 0x5f, 0x31, 0x3b, 0x6d, 0x6f, 0x64, 0x75, 0x6c, 0x61,
  0x72, 0x5f, 0x73, 0x68, 0x61, 0x64, 0x6f, 0x77, 0x5f, 0x65, 0x78, 0x63,
  0x6c, 0x75, 0x73, 0x69, 0x6f, 0x6e, 0x5f, 0x6e, 0x65, 0x74, 0x5f, 0x70,
  0x34, 0x5f, 0x31, 0x2f, 0x70, 0x34, 0x5f, 0x72, 0x65, 0x66, 0x69, 0x6e,
  0x65, 0x5f, 0x61, 0x5f, 0x64, 0x77, 0x5f, 0x31, 0x2f, 0x64, 0x65, 0x70,
  0x74, 0x68, 0x77, 0x69, 0x73, 0x65, 0x3b, 0x6d, 0x6f, 0x64, 0x75, 0x6c,
  0x61, 0x72, 0x5f, 0x73, 0x68, 0x61, 0x64, 0x6f, 0x77, 0x5f, 0x65, 0x78,
  0x63, 0x6c, 0x75, 0x73, 0x69, 0x6f, 0x6e, 0x5f, 0x6e, 0x65, 0x74, 0x5f,
  0x70, 0x34, 0x5f, 0x31, 0x2f, 0x70, 0x34, 0x5f, 0x72, 0x65, 0x66, 0x69,
  0x6e, 0x65, 0x5f, 0x61, 0x5f, 0x64, 0x77, 0x5f, 0x62, 0x6e, 0x5f, 0x31,
  0x2f, 0x62, 0x61, 0x74, 0x63, 0x68, 0x6e, 0x6f, 0x72, 0x6d, 0x2f, 0x6d,
  0x75, 0x6c, 0x3b, 0x6d, 0x6f, 0x64, 0x75, 0x6c, 0x61, 0x72, 0x5f, 0x73,
  0x68, 0x61, 0x64, 0x6f, 0x77, 0x5f, 0x65, 0x78, 0x63, 0x6c, 0x75, 0x73,
  0x69, 0x6f, 0x6e, 0x5f, 0x6e, 0x65, 0x74, 0x5f, 0x70, 0x34, 0x5f, 0x31,
  0x2f, 0x70, 0x34, 0x5f, 0x72, 0x65, 0x66, 0x69, 0x6e, 0x65, 0x5f, 0x61,
  0x5f, 0x64, 0x77, 0x5f, 0x62, 0x6e, 0x5f, 0x31, 0x2f, 0x62, 0x61, 0x74,
  0x63, 0x68, 0x6e, 0x6f, 0x72, 0x6d, 0x2f, 0x73, 0x75, 0x62, 0x00, 0x00,
  0x04, 0x00, 0x00, 0x00, 0x01, 0x00, 0x00, 0x00, 0x30, 0x00, 0x00, 0x00,
  0x30, 0x00, 0x00, 0x00, 0x18, 0x00, 0x00, 0x00, 0xba, 0xce, 0xff, 0xff,
  0x00, 0x00, 0x00, 0x01, 0x18, 0x00, 0x00, 0x00, 0x28, 0x00, 0x00, 0x00,
  0x48, 0x00, 0x00, 0x00, 0x26, 0x00, 0x00, 0x00, 0x00, 0x00, 0x00, 0x09,
  0x40, 0x01, 0x00, 0x00, 0x04, 0x00, 0x00, 0x00, 0xff, 0xff, 0xff, 0xff,
  0x30, 0x00, 0x00, 0x00, 0x30, 0x00, 0x00, 0x00, 0x18, 0x00, 0x00, 0x00,
  0xa4, 0xce, 0xff, 0xff, 0x08, 0x00, 0x00, 0x00, 0x14, 0x00, 0x00, 0x00,
  0x01, 0x00, 0x00, 0x00, 0x80, 0xff, 0xff, 0xff, 0xff, 0xff, 0xff, 0xff,
  0x00, 0x00, 0x00, 0x00, 0x01, 0x00, 0x00, 0x00, 0xc1, 0xc0, 0xc0, 0x3c,
  0xfd, 0x00, 0x00, 0x00, 0x6d, 0x6f, 0x64, 0x75, 0x6c, 0x61, 0x72, 0x5f,
  0x73, 0x68, 0x61, 0x64, 0x6f, 0x77, 0x5f, 0x65, 0x78, 0x63, 0x6c, 0x75,
  0x73, 0x69, 0x6f, 0x6e, 0x5f, 0x6e, 0x65, 0x74, 0x5f, 0x70, 0x34, 0x5f,
  0x31, 0x2f, 0x65, 0x6e, 0x63, 0x31, 0x5f, 0x61, 0x5f, 0x70, 0x72, 0x6f,
  0x6a, 0x5f, 0x72, 0x65, 0x6c, 0x75, 0x5f, 0x31, 0x2f, 0x52, 0x65, 0x6c,
  0x75, 0x36, 0x3b, 0x6d, 0x6f, 0x64, 0x75, 0x6c, 0x61, 0x72, 0x5f, 0x73,
  0x68, 0x61, 0x64, 0x6f, 0x77, 0x5f, 0x65, 0x78, 0x63, 0x6c, 0x75, 0x73,
  0x69, 0x6f, 0x6e, 0x5f, 0x6e, 0x65, 0x74, 0x5f, 0x70, 0x34, 0x5f, 0x31,
  0x2f, 0x65, 0x6e, 0x63, 0x31, 0x5f, 0x61, 0x5f, 0x70, 0x72, 0x6f, 0x6a,
  0x5f, 0x62, 0x6e, 0x5f, 0x31, 0x2f, 0x62, 0x61, 0x74, 0x63, 0x68, 0x6e,
  0x6f, 0x72, 0x6d, 0x2f, 0x61, 0x64, 0x64, 0x5f, 0x31, 0x3b, 0x6d, 0x6f,
  0x64, 0x75, 0x6c, 0x61, 0x72, 0x5f, 0x73, 0x68, 0x61, 0x64, 0x6f, 0x77,
  0x5f, 0x65, 0x78, 0x63, 0x6c, 0x75, 0x73, 0x69, 0x6f, 0x6e, 0x5f, 0x6e,
  0x65, 0x74, 0x5f, 0x70, 0x34, 0x5f, 0x31, 0x2f, 0x65, 0x6e, 0x63, 0x31,
  0x5f, 0x61, 0x5f, 0x70, 0x72, 0x6f, 0x6a, 0x5f, 0x70, 0x77, 0x5f, 0x31,
  0x2f, 0x63, 0x6f, 0x6e, 0x76, 0x6f, 0x6c, 0x75, 0x74, 0x69, 0x6f, 0x6e,
  0x3b, 0x6d, 0x6f, 0x64, 0x75, 0x6c, 0x61, 0x72, 0x5f, 0x73, 0x68, 0x61,
  0x64, 0x6f, 0x77, 0x5f, 0x65, 0x78, 0x63, 0x6c, 0x75, 0x73, 0x69, 0x6f,
  0x6e, 0x5f, 0x6e, 0x65, 0x74, 0x5f, 0x70, 0x34, 0x5f, 0x31, 0x2f, 0x65,
  0x6e, 0x63, 0x31, 0x5f, 0x61, 0x5f, 0x70, 0x72, 0x6f, 0x6a, 0x5f, 0x62,
  0x6e, 0x5f, 0x31, 0x2f, 0x62, 0x61, 0x74, 0x63, 0x68, 0x6e, 0x6f, 0x72,
  0x6d, 0x2f, 0x73, 0x75, 0x62, 0x00, 0x00, 0x00, 0x04, 0x00, 0x00, 0x00,
  0x01, 0x00, 0x00, 0x00, 0x30, 0x00, 0x00, 0x00, 0x30, 0x00, 0x00, 0x00,
  0x18, 0x00, 0x00, 0x00, 0x2a, 0xd0, 0xff, 0xff, 0x00, 0x00, 0x00, 0x01,
  0x18, 0x00, 0x00, 0x00, 0x28, 0x00, 0x00, 0x00, 0x44, 0x00, 0x00, 0x00,
  0x25, 0x00, 0x00, 0x00, 0x00, 0x00, 0x00, 0x09, 0xb0, 0x01, 0x00, 0x00,
  0x04, 0x00, 0x00, 0x00, 0xff, 0xff, 0xff, 0xff, 0x30, 0x00, 0x00, 0x00,
  0x30, 0x00, 0x00, 0x00, 0x18, 0x00, 0x00, 0x00, 0x14, 0xd0, 0xff, 0xff,
  0x08, 0x00, 0x00, 0x00, 0x10, 0x00, 0x00, 0x00, 0x01, 0x00, 0x00, 0x00,
  0x80, 0xff, 0xff, 0xff, 0xff, 0xff, 0xff, 0xff, 0x01, 0x00, 0x00, 0x00,
  0xc1, 0xc0, 0xc0, 0x3c, 0x70, 0x01, 0x00, 0x00, 0x6d, 0x6f, 0x64, 0x75,
  0x6c, 0x61, 0x72, 0x5f, 0x73, 0x68, 0x61, 0x64, 0x6f, 0x77, 0x5f, 0x65,
  0x78, 0x63, 0x6c, 0x75, 0x73, 0x69, 0x6f, 0x6e, 0x5f, 0x6e, 0x65, 0x74,
  0x5f, 0x70, 0x34, 0x5f, 0x31, 0x2f, 0x65, 0x6e, 0x63, 0x31, 0x5f, 0x61,
  0x5f, 0x64, 0x77, 0x5f, 0x72, 0x65, 0x6c, 0x75, 0x5f, 0x31, 0x2f, 0x52,
  0x65, 0x6c, 0x75, 0x36, 0x3b, 0x6d, 0x6f, 0x64, 0x75, 0x6c, 0x61, 0x72,
  0x5f, 0x73, 0x68, 0x61, 0x64, 0x6f, 0x77, 0x5f, 0x65, 0x78, 0x63, 0x6c,
  0x75, 0x73, 0x69, 0x6f, 0x6e, 0x5f, 0x6e, 0x65, 0x74, 0x5f, 0x70, 0x34,
  0x5f, 0x31, 0x2f, 0x65, 0x6e, 0x63, 0x31, 0x5f, 0x61, 0x5f, 0x64, 0x77,
  0x5f, 0x62, 0x6e, 0x5f, 0x31, 0x2f, 0x62, 0x61, 0x74, 0x63, 0x68, 0x6e,
  0x6f, 0x72, 0x6d, 0x2f, 0x61, 0x64, 0x64, 0x5f, 0x31, 0x3b, 0x6d, 0x6f,
  0x64, 0x75, 0x6c, 0x61, 0x72, 0x5f, 0x73, 0x68, 0x61, 0x64, 0x6f, 0x77,
  0x5f, 0x65, 0x78, 0x63, 0x6c, 0x75, 0x73, 0x69, 0x6f, 0x6e, 0x5f, 0x6e,
  0x65, 0x74, 0x5f, 0x70, 0x34, 0x5f, 0x31, 0x2f, 0x65, 0x6e, 0x63, 0x31,
  0x5f, 0x61, 0x5f, 0x64, 0x77, 0x5f, 0x62, 0x6e, 0x5f, 0x31, 0x2f, 0x62,
  0x61, 0x74, 0x63, 0x68, 0x6e, 0x6f, 0x72, 0x6d, 0x2f, 0x6d, 0x75, 0x6c,
  0x5f, 0x31, 0x3b, 0x6d, 0x6f, 0x64, 0x75, 0x6c, 0x61, 0x72, 0x5f, 0x73,
  0x68, 0x61, 0x64, 0x6f, 0x77, 0x5f, 0x65, 0x78, 0x63, 0x6c, 0x75, 0x73,
  0x69, 0x6f, 0x6e, 0x5f, 0x6e, 0x65, 0x74, 0x5f, 0x70, 0x34, 0x5f, 0x31,
  0x2f, 0x65, 0x6e, 0x63, 0x31, 0x5f, 0x61, 0x5f, 0x64, 0x77, 0x5f, 0x31,
  0x2f, 0x64, 0x65, 0x70, 0x74, 0x68, 0x77, 0x69, 0x73, 0x65, 0x3b, 0x6d,
  0x6f, 0x64, 0x75, 0x6c, 0x61, 0x72, 0x5f, 0x73, 0x68, 0x61, 0x64, 0x6f,
  0x77, 0x5f, 0x65, 0x78, 0x63, 0x6c, 0x75, 0x73, 0x69, 0x6f, 0x6e, 0x5f,
  0x6e, 0x65, 0x74, 0x5f, 0x70, 0x34, 0x5f, 0x31, 0x2f, 0x65, 0x6e, 0x63,
  0x31, 0x5f, 0x61, 0x5f, 0x64, 0x77, 0x5f, 0x62, 0x6e, 0x5f, 0x31, 0x2f,
  0x62, 0x61, 0x74, 0x63, 0x68, 0x6e, 0x6f, 0x72, 0x6d, 0x2f, 0x6d, 0x75,
  0x6c, 0x3b, 0x6d, 0x6f, 0x64, 0x75, 0x6c, 0x61, 0x72, 0x5f, 0x73, 0x68,
  0x61, 0x64, 0x6f, 0x77, 0x5f, 0x65, 0x78, 0x63, 0x6c, 0x75, 0x73, 0x69,
  0x6f, 0x6e, 0x5f, 0x6e, 0x65, 0x74, 0x5f, 0x70, 0x34, 0x5f, 0x31, 0x2f,
  0x65, 0x6e, 0x63, 0x31, 0x5f, 0x61, 0x5f, 0x64, 0x77, 0x5f, 0x62, 0x6e,
  0x5f, 0x31, 0x2f, 0x62, 0x61, 0x74, 0x63, 0x68, 0x6e, 0x6f, 0x72, 0x6d,
  0x2f, 0x73, 0x75, 0x62, 0x00, 0x00, 0x00, 0x00, 0x04, 0x00, 0x00, 0x00,
  0x01, 0x00, 0x00, 0x00, 0x30, 0x00, 0x00, 0x00, 0x30, 0x00, 0x00, 0x00,
  0x18, 0x00, 0x00, 0x00, 0x0a, 0xd2, 0xff, 0xff, 0x00, 0x00, 0x00, 0x01,
  0x18, 0x00, 0x00, 0x00, 0x28, 0x00, 0x00, 0x00, 0x44, 0x00, 0x00, 0x00,
  0x24, 0x00, 0x00, 0x00, 0x00, 0x00, 0x00, 0x09, 0x48, 0x01, 0x00, 0x00,
  0x04, 0x00, 0x00, 0x00, 0xff, 0xff, 0xff, 0xff, 0x30, 0x00, 0x00, 0x00,
  0x30, 0x00, 0x00, 0x00, 0x18, 0x00, 0x00, 0x00, 0xf4, 0xd1, 0xff, 0xff,
  0x08, 0x00, 0x00, 0x00, 0x10, 0x00, 0x00, 0x00, 0x01, 0x00, 0x00, 0x00,
  0x80, 0xff, 0xff, 0xff, 0xff, 0xff, 0xff, 0xff, 0x01, 0x00, 0x00, 0x00,
  0xc1, 0xc0, 0xc0, 0x3c, 0x09, 0x01, 0x00, 0x00, 0x6d, 0x6f, 0x64, 0x75,
  0x6c, 0x61, 0x72, 0x5f, 0x73, 0x68, 0x61, 0x64, 0x6f, 0x77, 0x5f, 0x65,
  0x78, 0x63, 0x6c, 0x75, 0x73, 0x69, 0x6f, 0x6e, 0x5f, 0x6e, 0x65, 0x74,
  0x5f, 0x70, 0x34, 0x5f, 0x31, 0x2f, 0x65, 0x6e, 0x63, 0x31, 0x5f, 0x64,
  0x6f, 0x77, 0x6e, 0x5f, 0x70, 0x72, 0x6f, 0x6a, 0x5f, 0x72, 0x65, 0x6c,
  0x75, 0x5f, 0x31, 0x2f, 0x52, 0x65, 0x6c, 0x75, 0x36, 0x3b, 0x6d, 0x6f,
  0x64, 0x75, 0x6c, 0x61, 0x72, 0x5f, 0x73, 0x68, 0x61, 0x64, 0x6f, 0x77,
  0x5f, 0x65, 0x78, 0x63, 0x6c, 0x75, 0x73, 0x69, 0x6f, 0x6e, 0x5f, 0x6e,
  0x65, 0x74, 0x5f, 0x70, 0x34, 0x5f, 0x31, 0x2f, 0x65, 0x6e, 0x63, 0x31,
  0x5f, 0x64, 0x6f, 0x77, 0x6e, 0x5f, 0x70, 0x72, 0x6f, 0x6a, 0x5f, 0x62,
  0x6e, 0x5f, 0x31, 0x2f, 0x62, 0x61, 0x74, 0x63, 0x68, 0x6e, 0x6f, 0x72,
  0x6d, 0x2f, 0x61, 0x64, 0x64, 0x5f, 0x31, 0x3b, 0x6d, 0x6f, 0x64, 0x75,
  0x6c, 0x61, 0x72, 0x5f, 0x73, 0x68, 0x61, 0x64, 0x6f, 0x77, 0x5f, 0x65,
  0x78, 0x63, 0x6c, 0x75, 0x73, 0x69, 0x6f, 0x6e, 0x5f, 0x6e, 0x65, 0x74,
  0x5f, 0x70, 0x34, 0x5f, 0x31, 0x2f, 0x65, 0x6e, 0x63, 0x31, 0x5f, 0x64,
  0x6f, 0x77, 0x6e, 0x5f, 0x70, 0x72, 0x6f, 0x6a, 0x5f, 0x70, 0x77, 0x5f,
  0x31, 0x2f, 0x63, 0x6f, 0x6e, 0x76, 0x6f, 0x6c, 0x75, 0x74, 0x69, 0x6f,
  0x6e, 0x3b, 0x6d, 0x6f, 0x64, 0x75, 0x6c, 0x61, 0x72, 0x5f, 0x73, 0x68,
  0x61, 0x64, 0x6f, 0x77, 0x5f, 0x65, 0x78, 0x63, 0x6c, 0x75, 0x73, 0x69,
  0x6f, 0x6e, 0x5f, 0x6e, 0x65, 0x74, 0x5f, 0x70, 0x34, 0x5f, 0x31, 0x2f,
  0x65, 0x6e, 0x63, 0x31, 0x5f, 0x64, 0x6f, 0x77, 0x6e, 0x5f, 0x70, 0x72,
  0x6f, 0x6a, 0x5f, 0x62, 0x6e, 0x5f, 0x31, 0x2f, 0x62, 0x61, 0x74, 0x63,
  0x68, 0x6e, 0x6f, 0x72, 0x6d, 0x2f, 0x73, 0x75, 0x62, 0x00, 0x00, 0x00,
  0x04, 0x00, 0x00, 0x00, 0x01, 0x00, 0x00, 0x00, 0x30, 0x00, 0x00, 0x00,
  0x30, 0x00, 0x00, 0x00, 0x18, 0x00, 0x00, 0x00, 0x82, 0xd3, 0xff, 0xff,
  0x00, 0x00, 0x00, 0x01, 0x18, 0x00, 0x00, 0x00, 0x28, 0x00, 0x00, 0x00,
  0x44, 0x00, 0x00, 0x00, 0x23, 0x00, 0x00, 0x00, 0x00, 0x00, 0x00, 0x09,
  0xc0, 0x01, 0x00, 0x00, 0x04, 0x00, 0x00, 0x00, 0xff, 0xff, 0xff, 0xff,
  0x30, 0x00, 0x00, 0x00, 0x30, 0x00, 0x00, 0x00, 0x0c, 0x00, 0x00, 0x00,
  0x6c, 0xd3, 0xff, 0xff, 0x08, 0x00, 0x00, 0x00, 0x10, 0x00, 0x00, 0x00,
  0x01, 0x00, 0x00, 0x00, 0x80, 0xff, 0xff, 0xff, 0xff, 0xff, 0xff, 0xff,
  0x01, 0x00, 0x00, 0x00, 0xc1, 0xc0, 0xc0, 0x3c, 0x82, 0x01, 0x00, 0x00,
  0x6d, 0x6f, 0x64, 0x75, 0x6c, 0x61, 0x72, 0x5f, 0x73, 0x68, 0x61, 0x64,
  0x6f, 0x77, 0x5f, 0x65, 0x78, 0x63, 0x6c, 0x75, 0x73, 0x69, 0x6f, 0x6e,
  0x5f, 0x6e, 0x65, 0x74, 0x5f, 0x70, 0x34, 0x5f, 0x31, 0x2f, 0x65, 0x6e,
  0x63, 0x31, 0x5f, 0x64, 0x6f, 0x77, 0x6e, 0x5f, 0x64, 0x77, 0x5f, 0x72,
  0x65, 0x6c, 0x75, 0x5f, 0x31, 0x2f, 0x52, 0x65, 0x6c, 0x75, 0x36, 0x3b,
  0x6d, 0x6f, 0x64, 0x75, 0x6c, 0x61, 0x72, 0x5f, 0x73, 0x68, 0x61, 0x64,
  0x6f, 0x77, 0x5f, 0x65, 0x78, 0x63, 0x6c, 0x75, 0x73, 0x69, 0x6f, 0x6e,
  0x5f, 0x6e, 0x65, 0x74, 0x5f, 0x70, 0x34, 0x5f, 0x31, 0x2f, 0x65, 0x6e,
  0x63, 0x31, 0x5f, 0x64, 0x6f, 0x77, 0x6e, 0x5f, 0x64, 0x77, 0x5f, 0x62,
  0x6e, 0x5f, 0x31, 0x2f, 0x62, 0x61, 0x74, 0x63, 0x68, 0x6e, 0x6f, 0x72,
  0x6d, 0x2f, 0x61, 0x64, 0x64, 0x5f, 0x31, 0x3b, 0x6d, 0x6f, 0x64, 0x75,
  0x6c, 0x61, 0x72, 0x5f, 0x73, 0x68, 0x61, 0x64, 0x6f, 0x77, 0x5f, 0x65,
  0x78, 0x63, 0x6c, 0x75, 0x73, 0x69, 0x6f, 0x6e, 0x5f, 0x6e, 0x65, 0x74,
  0x5f, 0x70, 0x34, 0x5f, 0x31, 0x2f, 0x65, 0x6e, 0x63, 0x31, 0x5f, 0x64,
  0x6f, 0x77, 0x6e, 0x5f, 0x64, 0x77, 0x5f, 0x62, 0x6e, 0x5f, 0x31, 0x2f,
  0x62, 0x61, 0x74, 0x63, 0x68, 0x6e, 0x6f, 0x72, 0x6d, 0x2f, 0x6d, 0x75,
  0x6c, 0x5f, 0x31, 0x3b, 0x6d, 0x6f, 0x64, 0x75, 0x6c, 0x61, 0x72, 0x5f,
  0x73, 0x68, 0x61, 0x64, 0x6f, 0x77, 0x5f, 0x65, 0x78, 0x63, 0x6c, 0x75,
  0x73, 0x69, 0x6f, 0x6e, 0x5f, 0x6e, 0x65, 0x74, 0x5f, 0x70, 0x34, 0x5f,
  0x31, 0x2f, 0x65, 0x6e, 0x63, 0x31, 0x5f, 0x64, 0x6f, 0x77, 0x6e, 0x5f,
  0x64, 0x77, 0x5f, 0x31, 0x2f, 0x64, 0x65, 0x70, 0x74, 0x68, 0x77, 0x69,
  0x73, 0x65, 0x3b, 0x6d, 0x6f, 0x64, 0x75, 0x6c, 0x61, 0x72, 0x5f, 0x73,
  0x68, 0x61, 0x64, 0x6f, 0x77, 0x5f, 0x65, 0x78, 0x63, 0x6c, 0x75, 0x73,
  0x69, 0x6f, 0x6e, 0x5f, 0x6e, 0x65, 0x74, 0x5f, 0x70, 0x34, 0x5f, 0x31,
  0x2f, 0x65, 0x6e, 0x63, 0x31, 0x5f, 0x64, 0x6f, 0x77, 0x6e, 0x5f, 0x64,
  0x77, 0x5f, 0x62, 0x6e, 0x5f, 0x31, 0x2f, 0x62, 0x61, 0x74, 0x63, 0x68,
  0x6e, 0x6f, 0x72, 0x6d, 0x2f, 0x6d, 0x75, 0x6c, 0x3b, 0x6d, 0x6f, 0x64,
  0x75, 0x6c, 0x61, 0x72, 0x5f, 0x73, 0x68, 0x61, 0x64, 0x6f, 0x77, 0x5f,
  0x65, 0x78, 0x63, 0x6c, 0x75, 0x73, 0x69, 0x6f, 0x6e, 0x5f, 0x6e, 0x65,
  0x74, 0x5f, 0x70, 0x34, 0x5f, 0x31, 0x2f, 0x65, 0x6e, 0x63, 0x31, 0x5f,
  0x64, 0x6f, 0x77, 0x6e, 0x5f, 0x64, 0x77, 0x5f, 0x62, 0x6e, 0x5f, 0x31,
  0x2f, 0x62, 0x61, 0x74, 0x63, 0x68, 0x6e, 0x6f, 0x72, 0x6d, 0x2f, 0x73,
  0x75, 0x62, 0x00, 0x00, 0x04, 0x00, 0x00, 0x00, 0x01, 0x00, 0x00, 0x00,
  0x30, 0x00, 0x00, 0x00, 0x30, 0x00, 0x00, 0x00, 0x0c, 0x00, 0x00, 0x00,
  0x72, 0xd5, 0xff, 0xff, 0x00, 0x00, 0x00, 0x01, 0x18, 0x00, 0x00, 0x00,
  0x28, 0x00, 0x00, 0x00, 0x48, 0x00, 0x00, 0x00, 0x22, 0x00, 0x00, 0x00,
  0x00, 0x00, 0x00, 0x09, 0x40, 0x01, 0x00, 0x00, 0x04, 0x00, 0x00, 0x00,
  0xff, 0xff, 0xff, 0xff, 0x60, 0x00, 0x00, 0x00, 0x60, 0x00, 0x00, 0x00,
  0x0c, 0x00, 0x00, 0x00, 0x5c, 0xd5, 0xff, 0xff, 0x08, 0x00, 0x00, 0x00,
  0x14, 0x00, 0x00, 0x00, 0x01, 0x00, 0x00, 0x00, 0x80, 0xff, 0xff, 0xff,
  0xff, 0xff, 0xff, 0xff, 0x00, 0x00, 0x00, 0x00, 0x01, 0x00, 0x00, 0x00,
  0xc1, 0xc0, 0xc0, 0x3c, 0xfd, 0x00, 0x00, 0x00, 0x6d, 0x6f, 0x64, 0x75,
  0x6c, 0x61, 0x72, 0x5f, 0x73, 0x68, 0x61, 0x64, 0x6f, 0x77, 0x5f, 0x65,
  0x78, 0x63, 0x6c, 0x75, 0x73, 0x69, 0x6f, 0x6e, 0x5f, 0x6e, 0x65, 0x74,
  0x5f, 0x70, 0x34, 0x5f, 0x31, 0x2f, 0x65, 0x6e, 0x63, 0x30, 0x5f, 0x61,
  0x5f, 0x70, 0x72, 0x6f, 0x6a, 0x5f, 0x72, 0x65, 0x6c, 0x75, 0x5f, 0x31,
  0x2f, 0x52, 0x65, 0x6c, 0x75, 0x36, 0x3b, 0x6d, 0x6f, 0x64, 0x75, 0x6c,
  0x61, 0x72, 0x5f, 0x73, 0x68, 0x61, 0x64, 0x6f, 0x77, 0x5f, 0x65, 0x78,
  0x63, 0x6c, 0x75, 0x73, 0x69, 0x6f, 0x6e, 0x5f, 0x6e, 0x65, 0x74, 0x5f,
  0x70, 0x34, 0x5f, 0x31, 0x2f, 0x65, 0x6e, 0x63, 0x30, 0x5f, 0x61, 0x5f,
  0x70, 0x72, 0x6f, 0x6a, 0x5f, 0x62, 0x6e, 0x5f, 0x31, 0x2f, 0x62, 0x61,
  0x74, 0x63, 0x68, 0x6e, 0x6f, 0x72, 0x6d, 0x2f, 0x61, 0x64, 0x64, 0x5f,
  0x31, 0x3b, 0x6d, 0x6f, 0x64, 0x75, 0x6c, 0x61, 0x72, 0x5f, 0x73, 0x68,
  0x61, 0x64, 0x6f, 0x77, 0x5f, 0x65, 0x78, 0x63, 0x6c, 0x75, 0x73, 0x69,
  0x6f, 0x6e, 0x5f, 0x6e, 0x65, 0x74, 0x5f, 0x70, 0x34, 0x5f, 0x31, 0x2f,
  0x65, 0x6e, 0x63, 0x30, 0x5f, 0x61, 0x5f, 0x70, 0x72, 0x6f, 0x6a, 0x5f,
  0x70, 0x77, 0x5f, 0x31, 0x2f, 0x63, 0x6f, 0x6e, 0x76, 0x6f, 0x6c, 0x75,
  0x74, 0x69, 0x6f, 0x6e, 0x3b, 0x6d, 0x6f, 0x64, 0x75, 0x6c, 0x61, 0x72,
  0x5f, 0x73, 0x68, 0x61, 0x64, 0x6f, 0x77, 0x5f, 0x65, 0x78, 0x63, 0x6c,
  0x75, 0x73, 0x69, 0x6f, 0x6e, 0x5f, 0x6e, 0x65, 0x74, 0x5f, 0x70, 0x34,
  0x5f, 0x31, 0x2f, 0x65, 0x6e, 0x63, 0x30, 0x5f, 0x61, 0x5f, 0x70, 0x72,
  0x6f, 0x6a, 0x5f, 0x62, 0x6e, 0x5f, 0x31, 0x2f, 0x62, 0x61, 0x74, 0x63,
  0x68, 0x6e, 0x6f, 0x72, 0x6d, 0x2f, 0x73, 0x75, 0x62, 0x00, 0x00, 0x00,
  0x04, 0x00, 0x00, 0x00, 0x01, 0x00, 0x00, 0x00, 0x60, 0x00, 0x00, 0x00,
  0x60, 0x00, 0x00, 0x00, 0x0c, 0x00, 0x00, 0x00, 0xe2, 0xd6, 0xff, 0xff,
  0x00, 0x00, 0x00, 0x01, 0x18, 0x00, 0x00, 0x00, 0x28, 0x00, 0x00, 0x00,
  0x44, 0x00, 0x00, 0x00, 0x21, 0x00, 0x00, 0x00, 0x00, 0x00, 0x00, 0x09,
  0xb0, 0x01, 0x00, 0x00, 0x04, 0x00, 0x00, 0x00, 0xff, 0xff, 0xff, 0xff,
  0x60, 0x00, 0x00, 0x00, 0x60, 0x00, 0x00, 0x00, 0x0c, 0x00, 0x00, 0x00,
  0xcc, 0xd6, 0xff, 0xff, 0x08, 0x00, 0x00, 0x00, 0x10, 0x00, 0x00, 0x00,
  0x01, 0x00, 0x00, 0x00, 0x80, 0xff, 0xff, 0xff, 0xff, 0xff, 0xff, 0xff,
  0x01, 0x00, 0x00, 0x00, 0xc1, 0xc0, 0xc0, 0x3c, 0x70, 0x01, 0x00, 0x00,
  0x6d, 0x6f, 0x64, 0x75, 0x6c, 0x61, 0x72, 0x5f, 0x73, 0x68, 0x61, 0x64,
  0x6f, 0x77, 0x5f, 0x65, 0x78, 0x63, 0x6c, 0x75, 0x73, 0x69, 0x6f, 0x6e,
  0x5f, 0x6e, 0x65, 0x74, 0x5f, 0x70, 0x34, 0x5f, 0x31, 0x2f, 0x65, 0x6e,
  0x63, 0x30, 0x5f, 0x61, 0x5f, 0x64, 0x77, 0x5f, 0x72, 0x65, 0x6c, 0x75,
  0x5f, 0x31, 0x2f, 0x52, 0x65, 0x6c, 0x75, 0x36, 0x3b, 0x6d, 0x6f, 0x64,
  0x75, 0x6c, 0x61, 0x72, 0x5f, 0x73, 0x68, 0x61, 0x64, 0x6f, 0x77, 0x5f,
  0x65, 0x78, 0x63, 0x6c, 0x75, 0x73, 0x69, 0x6f, 0x6e, 0x5f, 0x6e, 0x65,
  0x74, 0x5f, 0x70, 0x34, 0x5f, 0x31, 0x2f, 0x65, 0x6e, 0x63, 0x30, 0x5f,
  0x61, 0x5f, 0x64, 0x77, 0x5f, 0x62, 0x6e, 0x5f, 0x31, 0x2f, 0x62, 0x61,
  0x74, 0x63, 0x68, 0x6e, 0x6f, 0x72, 0x6d, 0x2f, 0x61, 0x64, 0x64, 0x5f,
  0x31, 0x3b, 0x6d, 0x6f, 0x64, 0x75, 0x6c, 0x61, 0x72, 0x5f, 0x73, 0x68,
  0x61, 0x64, 0x6f, 0x77, 0x5f, 0x65, 0x78, 0x63, 0x6c, 0x75, 0x73, 0x69,
  0x6f, 0x6e, 0x5f, 0x6e, 0x65, 0x74, 0x5f, 0x70, 0x34, 0x5f, 0x31, 0x2f,
  0x65, 0x6e, 0x63, 0x30, 0x5f, 0x61, 0x5f, 0x64, 0x77, 0x5f, 0x62, 0x6e,
  0x5f, 0x31, 0x2f, 0x62, 0x61, 0x74, 0x63, 0x68, 0x6e, 0x6f, 0x72, 0x6d,
  0x2f, 0x6d, 0x75, 0x6c, 0x5f, 0x31, 0x3b, 0x6d, 0x6f, 0x64, 0x75, 0x6c,
  0x61, 0x72, 0x5f, 0x73, 0x68, 0x61, 0x64, 0x6f, 0x77, 0x5f, 0x65, 0x78,
  0x63, 0x6c, 0x75, 0x73, 0x69, 0x6f, 0x6e, 0x5f, 0x6e, 0x65, 0x74, 0x5f,
  0x70, 0x34, 0x5f, 0x31, 0x2f, 0x65, 0x6e, 0x63, 0x30, 0x5f, 0x61, 0x5f,
  0x64, 0x77, 0x5f, 0x31, 0x2f, 0x64, 0x65, 0x70, 0x74, 0x68, 0x77, 0x69,
  0x73, 0x65, 0x3b, 0x6d, 0x6f, 0x64, 0x75, 0x6c, 0x61, 0x72, 0x5f, 0x73,
  0x68, 0x61, 0x64, 0x6f, 0x77, 0x5f, 0x65, 0x78, 0x63, 0x6c, 0x75, 0x73,
  0x69, 0x6f, 0x6e, 0x5f, 0x6e, 0x65, 0x74, 0x5f, 0x70, 0x34, 0x5f, 0x31,
  0x2f, 0x65, 0x6e, 0x63, 0x30, 0x5f, 0x61, 0x5f, 0x64, 0x77, 0x5f, 0x62,
  0x6e, 0x5f, 0x31, 0x2f, 0x62, 0x61, 0x74, 0x63, 0x68, 0x6e, 0x6f, 0x72,
  0x6d, 0x2f, 0x6d, 0x75, 0x6c, 0x3b, 0x6d, 0x6f, 0x64, 0x75, 0x6c, 0x61,
  0x72, 0x5f, 0x73, 0x68, 0x61, 0x64, 0x6f, 0x77, 0x5f, 0x65, 0x78, 0x63,
  0x6c, 0x75, 0x73, 0x69, 0x6f, 0x6e, 0x5f, 0x6e, 0x65, 0x74, 0x5f, 0x70,
  0x34, 0x5f, 0x31, 0x2f, 0x65, 0x6e, 0x63, 0x30, 0x5f, 0x61, 0x5f, 0x64,
  0x77, 0x5f, 0x62, 0x6e, 0x5f, 0x31, 0x2f, 0x62, 0x61, 0x74, 0x63, 0x68,
  0x6e, 0x6f, 0x72, 0x6d, 0x2f, 0x73, 0x75, 0x62, 0x00, 0x00, 0x00, 0x00,
  0x04, 0x00, 0x00, 0x00, 0x01, 0x00, 0x00, 0x00, 0x60, 0x00, 0x00, 0x00,
  0x60, 0x00, 0x00, 0x00, 0x0c, 0x00, 0x00, 0x00, 0xc2, 0xd8, 0xff, 0xff,
  0x00, 0x00, 0x00, 0x01, 0x18, 0x00, 0x00, 0x00, 0x28, 0x00, 0x00, 0x00,
  0x44, 0x00, 0x00, 0x00, 0x20, 0x00, 0x00, 0x00, 0x00, 0x00, 0x00, 0x09,
  0x20, 0x01, 0x00, 0x00, 0x04, 0x00, 0x00, 0x00, 0xff, 0xff, 0xff, 0xff,
  0x60, 0x00, 0x00, 0x00, 0x60, 0x00, 0x00, 0x00, 0x0c, 0x00, 0x00, 0x00,
  0xac, 0xd8, 0xff, 0xff, 0x08, 0x00, 0x00, 0x00, 0x10, 0x00, 0x00, 0x00,
  0x01, 0x00, 0x00, 0x00, 0x80, 0xff, 0xff, 0xff, 0xff, 0xff, 0xff, 0xff,
  0x01, 0x00, 0x00, 0x00, 0x92, 0xeb, 0x76, 0x3c, 0xe2, 0x00, 0x00, 0x00,
  0x6d, 0x6f, 0x64, 0x75, 0x6c, 0x61, 0x72, 0x5f, 0x73, 0x68, 0x61, 0x64,
  0x6f, 0x77, 0x5f, 0x65, 0x78, 0x63, 0x6c, 0x75, 0x73, 0x69, 0x6f, 0x6e,
  0x5f, 0x6e, 0x65, 0x74, 0x5f, 0x70, 0x34, 0x5f, 0x31, 0x2f, 0x73, 0x74,
  0x65, 0x6d, 0x5f, 0x72, 0x65, 0x6c, 0x75, 0x5f, 0x31, 0x2f, 0x52, 0x65,
  0x6c, 0x75, 0x36, 0x3b, 0x6d, 0x6f, 0x64, 0x75, 0x6c, 0x61, 0x72, 0x5f,
  0x73, 0x68, 0x61, 0x64, 0x6f, 0x77, 0x5f, 0x65, 0x78, 0x63, 0x6c, 0x75,
  0x73, 0x69, 0x6f, 0x6e, 0x5f, 0x6e, 0x65, 0x74, 0x5f, 0x70, 0x34, 0x5f,
  0x31, 0x2f, 0x73, 0x74, 0x65, 0x6d, 0x5f, 0x62, 0x6e, 0x5f, 0x31, 0x2f,
  0x62, 0x61, 0x74, 0x63, 0x68, 0x6e, 0x6f, 0x72, 0x6d, 0x2f, 0x61, 0x64,
  0x64, 0x5f, 0x31, 0x3b, 0x6d, 0x6f, 0x64, 0x75, 0x6c, 0x61, 0x72, 0x5f,
  0x73, 0x68, 0x61, 0x64, 0x6f, 0x77, 0x5f, 0x65, 0x78, 0x63, 0x6c, 0x75,
  0x73, 0x69, 0x6f, 0x6e, 0x5f, 0x6e, 0x65, 0x74, 0x5f, 0x70, 0x34, 0x5f,
  0x31, 0x2f, 0x73, 0x74, 0x65, 0x6d, 0x5f, 0x70, 0x77, 0x5f, 0x31, 0x2f,
  0x63, 0x6f, 0x6e, 0x76, 0x6f, 0x6c, 0x75, 0x74, 0x69, 0x6f, 0x6e, 0x3b,
  0x6d, 0x6f, 0x64, 0x75, 0x6c, 0x61, 0x72, 0x5f, 0x73, 0x68, 0x61, 0x64,
  0x6f, 0x77, 0x5f, 0x65, 0x78, 0x63, 0x6c, 0x75, 0x73, 0x69, 0x6f, 0x6e,
  0x5f, 0x6e, 0x65, 0x74, 0x5f, 0x70, 0x34, 0x5f, 0x31, 0x2f, 0x73, 0x74,
  0x65, 0x6d, 0x5f, 0x62, 0x6e, 0x5f, 0x31, 0x2f, 0x62, 0x61, 0x74, 0x63,
  0x68, 0x6e, 0x6f, 0x72, 0x6d, 0x2f, 0x73, 0x75, 0x62, 0x31, 0x00, 0x00,
  0x04, 0x00, 0x00, 0x00, 0x01, 0x00, 0x00, 0x00, 0x60, 0x00, 0x00, 0x00,
  0x60, 0x00, 0x00, 0x00, 0x0c, 0x00, 0x00, 0x00, 0x86, 0xda, 0xff, 0xff,
  0x00, 0x00, 0x00, 0x01, 0x14, 0x00, 0x00, 0x00, 0xb8, 0x00, 0x00, 0x00,
  0x1f, 0x00, 0x00, 0x00, 0x00, 0x00, 0x00, 0x09, 0xc4, 0x00, 0x00, 0x00,
  0xe4, 0xd9, 0xff, 0xff, 0x08, 0x00, 0x00, 0x00, 0x6c, 0x00, 0x00, 0x00,
  0x0c, 0x00, 0x00, 0x00, 0x00, 0x00, 0x00, 0x00, 0x00, 0x00, 0x00, 0x00,
  0x00, 0x00, 0x00, 0x00, 0x00, 0x00, 0x00, 0x00, 0x00, 0x00, 0x00, 0x00,
  0x00, 0x00, 0x00, 0x00, 0x00, 0x00, 0x00, 0x00, 0x00, 0x00, 0x00, 0x00,
  0x00, 0x00, 0x00, 0x00, 0x00, 0x00, 0x00, 0x00, 0x00, 0x00, 0x00, 0x00,
  0x00, 0x00, 0x00, 0x00, 0x00, 0x00, 0x00, 0x00, 0x00, 0x00, 0x00, 0x00,
  0x00, 0x00, 0x00, 0x00, 0x00, 0x00, 0x00, 0x00, 0x00, 0x00, 0x00, 0x00,
  0x00, 0x00, 0x00, 0x00, 0x00, 0x00, 0x00, 0x00, 0x00, 0x00, 0x00, 0x00,
  0x00, 0x00, 0x00, 0x00, 0x00, 0x00, 0x00, 0x00, 0x00, 0x00, 0x00, 0x00,
  0x00, 0x00, 0x00, 0x00, 0x00, 0x00, 0x00, 0x00, 0x0c, 0x00, 0x00, 0x00,
  0xb3, 0x39, 0xef, 0x3c, 0xd4, 0x2b, 0xd2, 0x3c, 0xf5, 0xec, 0xbe, 0x3c,
  0x2f, 0xbf, 0x87, 0x3c, 0xfb, 0x7c, 0xa1, 0x3c, 0xd1, 0x96, 0xe3, 0x3c,
  0x37, 0x77, 0xee, 0x3b, 0x89, 0x7e, 0xab, 0x3b, 0x7d, 0x3e, 0xe3, 0x3c,
  0xed, 0xe3, 0xa5, 0x3c, 0x78, 0x91, 0xe8, 0x3c, 0xe1, 0x0f, 0xf4, 0x3c,
  0x13, 0x00, 0x00, 0x00, 0x74, 0x66, 0x6c, 0x2e, 0x70, 0x73, 0x65, 0x75,
  0x64, 0x6f, 0x5f, 0x71, 0x63, 0x6f, 0x6e, 0x73, 0x74, 0x32, 0x39, 0x00,
  0x04, 0x00, 0x00, 0x00, 0x0c, 0x00, 0x00, 0x00, 0x01, 0x00, 0x00, 0x00,
  0x01, 0x00, 0x00, 0x00, 0x01, 0x00, 0x00, 0x00, 0x76, 0xdb, 0xff, 0xff,
  0x00, 0x00, 0x00, 0x01, 0x14, 0x00, 0x00, 0x00, 0xb8, 0x00, 0x00, 0x00,
  0x1e, 0x00, 0x00, 0x00, 0x00, 0x00, 0x00, 0x02, 0xc4, 0x00, 0x00, 0x00,
  0xd4, 0xda, 0xff, 0xff, 0x08, 0x00, 0x00, 0x00, 0x6c, 0x00, 0x00, 0x00,
  0x0c, 0x00, 0x00, 0x00, 0x00, 0x00, 0x00, 0x00, 0x00, 0x00, 0x00, 0x00,
  0x00, 0x00, 0x00, 0x00, 0x00, 0x00, 0x00, 0x00, 0x00, 0x00, 0x00, 0x00,
  0x00, 0x00, 0x00, 0x00, 0x00, 0x00, 0x00, 0x00, 0x00, 0x00, 0x00, 0x00,
  0x00, 0x00, 0x00, 0x00, 0x00, 0x00, 0x00, 0x00, 0x00, 0x00, 0x00, 0x00,
  0x00, 0x00, 0x00, 0x00, 0x00, 0x00, 0x00, 0x00, 0x00, 0x00, 0x00, 0x00,
  0x00, 0x00, 0x00, 0x00, 0x00, 0x00, 0x00, 0x00, 0x00, 0x00, 0x00, 0x00,
  0x00, 0x00, 0x00, 0x00, 0x00, 0x00, 0x00, 0x00, 0x00, 0x00, 0x00, 0x00,
  0x00, 0x00, 0x00, 0x00, 0x00, 0x00, 0x00, 0x00, 0x00, 0x00, 0x00, 0x00,
  0x00, 0x00, 0x00, 0x00, 0x00, 0x00, 0x00, 0x00, 0x0c, 0x00, 0x00, 0x00,
  0xde, 0x29, 0x70, 0x39, 0xd4, 0xfe, 0x52, 0x39, 0xa2, 0xac, 0x3f, 0x39,
  0x77, 0x47, 0x08, 0x39, 0x1b, 0x1f, 0x22, 0x39, 0x4d, 0x7b, 0x64, 0x39,
  0x9f, 0x66, 0x6f, 0x38, 0xb4, 0x2a, 0x2c, 0x38, 0xa1, 0x22, 0x64, 0x39,
  0x78, 0x8a, 0x26, 0x39, 0xf4, 0x7a, 0x69, 0x39, 0xe7, 0x04, 0x75, 0x39,
  0x13, 0x00, 0x00, 0x00, 0x74, 0x66, 0x6c, 0x2e, 0x70, 0x73, 0x65, 0x75,
  0x64, 0x6f, 0x5f, 0x71, 0x63, 0x6f, 0x6e, 0x73, 0x74, 0x32, 0x38, 0x00,
  0x01, 0x00, 0x00, 0x00, 0x0c, 0x00, 0x00, 0x00, 0x5a, 0xdc, 0xff, 0xff,
  0x00, 0x00, 0x00, 0x01, 0x14, 0x00, 0x00, 0x00, 0xbc, 0x00, 0x00, 0x00,
  0x1d, 0x00, 0x00, 0x00, 0x00, 0x00, 0x00, 0x09, 0xc8, 0x00, 0x00, 0x00,
  0x82, 0xe3, 0xff, 0xff, 0x03, 0x00, 0x00, 0x00, 0x08, 0x00, 0x00, 0x00,
  0x6c, 0x00, 0x00, 0x00, 0x0c, 0x00, 0x00, 0x00, 0x00, 0x00, 0x00, 0x00,
  0x00, 0x00, 0x00, 0x00, 0x00, 0x00, 0x00, 0x00, 0x00, 0x00, 0x00, 0x00,
  0x00, 0x00, 0x00, 0x00, 0x00, 0x00, 0x00, 0x00, 0x00, 0x00, 0x00, 0x00,
  0x00, 0x00, 0x00, 0x00, 0x00, 0x00, 0x00, 0x00, 0x00, 0x00, 0x00, 0x00,
  0x00, 0x00, 0x00, 0x00, 0x00, 0x00, 0x00, 0x00, 0x00, 0x00, 0x00, 0x00,
  0x00, 0x00, 0x00, 0x00, 0x00, 0x00, 0x00, 0x00, 0x00, 0x00, 0x00, 0x00,
  0x00, 0x00, 0x00, 0x00, 0x00, 0x00, 0x00, 0x00, 0x00, 0x00, 0x00, 0x00,
  0x00, 0x00, 0x00, 0x00, 0x00, 0x00, 0x00, 0x00, 0x00, 0x00, 0x00, 0x00,
  0x00, 0x00, 0x00, 0x00, 0x00, 0x00, 0x00, 0x00, 0x00, 0x00, 0x00, 0x00,
  0x0c, 0x00, 0x00, 0x00, 0x30, 0x66, 0x89, 0x3b, 0x56, 0x28, 0x56, 0x3c,
  0x63, 0x8d, 0x8e, 0x3b, 0xfc, 0x9a, 0x85, 0x3b, 0xf2, 0x55, 0x01, 0x3c,
  0xfc, 0xe4, 0x06, 0x3c, 0x54, 0x1d, 0xca, 0x3c, 0x0c, 0x1a, 0x3e, 0x3d,
  0xdf, 0xb9, 0xa4, 0x3b, 0xca, 0x5d, 0x7b, 0x3b, 0xaf, 0x40, 0x96, 0x3b,
  0xd3, 0xbb, 0xab, 0x3b, 0x13, 0x00, 0x00, 0x00, 0x74, 0x66, 0x6c, 0x2e,
  0x70, 0x73, 0x65, 0x75, 0x64, 0x6f, 0x5f, 0x71, 0x63, 0x6f, 0x6e, 0x73,
  0x74, 0x32, 0x37, 0x00, 0x04, 0x00, 0x00, 0x00, 0x01, 0x00, 0x00, 0x00,
  0x03, 0x00, 0x00, 0x00, 0x03, 0x00, 0x00, 0x00, 0x0c, 0x00, 0x00, 0x00,
  0x4e, 0xdd, 0xff, 0xff, 0x00, 0x00, 0x00, 0x01, 0x14, 0x00, 0x00, 0x00,
  0xb4, 0x00, 0x00, 0x00, 0x1c, 0x00, 0x00, 0x00, 0x00, 0x00, 0x00, 0x02,
  0xc0, 0x00, 0x00, 0x00, 0xac, 0xdc, 0xff, 0xff, 0x08, 0x00, 0x00, 0x00,
  0x68, 0x00, 0x00, 0x00, 0x0c, 0x00, 0x00, 0x00, 0x00, 0x00, 0x00, 0x00,
  0x00, 0x00, 0x00, 0x00, 0x00, 0x00, 0x00, 0x00, 0x00, 0x00, 0x00, 0x00,
  0x00, 0x00, 0x00, 0x00, 0x00, 0x00, 0x00, 0x00, 0x00, 0x00, 0x00, 0x00,
  0x00, 0x00, 0x00, 0x00, 0x00, 0x00, 0x00, 0x00, 0x00, 0x00, 0x00, 0x00,
  0x00, 0x00, 0x00, 0x00, 0x00, 0x00, 0x00, 0x00, 0x00, 0x00, 0x00, 0x00,
  0x00, 0x00, 0x00, 0x00, 0x00, 0x00, 0x00, 0x00, 0x00, 0x00, 0x00, 0x00,
  0x00, 0x00, 0x00, 0x00, 0x00, 0x00, 0x00, 0x00, 0x00, 0x00, 0x00, 0x00,
  0x00, 0x00, 0x00, 0x00, 0x00, 0x00, 0x00, 0x00, 0x00, 0x00, 0x00, 0x00,
  0x00, 0x00, 0x00, 0x00, 0x00, 0x00, 0x00, 0x00, 0x0c, 0x00, 0x00, 0x00,
  0xa1, 0x86, 0x84, 0x38, 0xd4, 0x8f, 0x4e, 0x39, 0x0a, 0x7f, 0x89, 0x38,
  0xe0, 0xdd, 0x80, 0x38, 0x34, 0x7f, 0xf9, 0x38, 0x2b, 0x1c, 0x02, 0x39,
  0x2b, 0xf2, 0xc2, 0x39, 0xf6, 0x5b, 0x37, 0x3a, 0x31, 0xe2, 0x9e, 0x38,
  0x6f, 0x73, 0x72, 0x38, 0x6b, 0xec, 0x90, 0x38, 0x84, 0xa4, 0xa5, 0x38,
  0x13, 0x00, 0x00, 0x00, 0x74, 0x66, 0x6c, 0x2e, 0x70, 0x73, 0x65, 0x75,
  0x64, 0x6f, 0x5f, 0x71, 0x63, 0x6f, 0x6e, 0x73, 0x74, 0x32, 0x36, 0x00,
  0x01, 0x00, 0x00, 0x00, 0x0c, 0x00, 0x00, 0x00, 0x2e, 0xde, 0xff, 0xff,
  0x00, 0x00, 0x00, 0x01, 0x14, 0x00, 0x00, 0x00, 0xb8, 0x00, 0x00, 0x00,
  0x1b, 0x00, 0x00, 0x00, 0x00, 0x00, 0x00, 0x09, 0xc4, 0x00, 0x00, 0x00,
  0x8c, 0xdd, 0xff, 0xff, 0x08, 0x00, 0x00, 0x00, 0x6c, 0x00, 0x00, 0x00,
  0x0c, 0x00, 0x00, 0x00, 0x00, 0x00, 0x00, 0x00, 0x00, 0x00, 0x00, 0x00,
  0x00, 0x00, 0x00, 0x00, 0x00, 0x00, 0x00, 0x00, 0x00, 0x00, 0x00, 0x00,
  0x00, 0x00, 0x00, 0x00, 0x00, 0x00, 0x00, 0x00, 0x00, 0x00, 0x00, 0x00,
  0x00, 0x00, 0x00, 0x00, 0x00, 0x00, 0x00, 0x00, 0x00, 0x00, 0x00, 0x00,
  0x00, 0x00, 0x00, 0x00, 0x00, 0x00, 0x00, 0x00, 0x00, 0x00, 0x00, 0x00,
  0x00, 0x00, 0x00, 0x00, 0x00, 0x00, 0x00, 0x00, 0x00, 0x00, 0x00, 0x00,
  0x00, 0x00, 0x00, 0x00, 0x00, 0x00, 0x00, 0x00, 0x00, 0x00, 0x00, 0x00,
  0x00, 0x00, 0x00, 0x00, 0x00, 0x00, 0x00, 0x00, 0x00, 0x00, 0x00, 0x00,
  0x00, 0x00, 0x00, 0x00, 0x00, 0x00, 0x00, 0x00, 0x0c, 0x00, 0x00, 0x00,
  0x25, 0xdc, 0x0a, 0x3c, 0xea, 0x66, 0xa4, 0x3b, 0x1f, 0x83, 0x93, 0x3c,
  0x61, 0x56, 0x27, 0x3c, 0x1c, 0xa8, 0x81, 0x3b, 0xd5, 0xff, 0x60, 0x3b,
  0x63, 0xe7, 0xda, 0x3b, 0x7c, 0x97, 0xa4, 0x3c, 0x5e, 0x50, 0x73, 0x3b,
  0x09, 0xb6, 0x23, 0x3c, 0xb9, 0xff, 0x0d, 0x3c, 0x37, 0xa7, 0xb5, 0x3b,
  0x13, 0x00, 0x00, 0x00, 0x74, 0x66, 0x6c, 0x2e, 0x70, 0x73, 0x65, 0x75,
  0x64, 0x6f, 0x5f, 0x71, 0x63, 0x6f, 0x6e, 0x73, 0x74, 0x32, 0x35, 0x00,
  0x04, 0x00, 0x00, 0x00, 0x0c, 0x00, 0x00, 0x00, 0x01, 0x00, 0x00, 0x00,
  0x01, 0x00, 0x00, 0x00, 0x0c, 0x00, 0x00, 0x00, 0x1e, 0xdf, 0xff, 0xff,
  0x00, 0x00, 0x00, 0x01, 0x14, 0x00, 0x00, 0x00, 0xb8, 0x00, 0x00, 0x00,
  0x1a, 0x00, 0x00, 0x00, 0x00, 0x00, 0x00, 0x02, 0xc4, 0x00, 0x00, 0x00,
  0x7c, 0xde, 0xff, 0xff, 0x08, 0x00, 0x00, 0x00, 0x6c, 0x00, 0x00, 0x00,
  0x0c, 0x00, 0x00, 0x00, 0x00, 0x00, 0x00, 0x00, 0x00, 0x00, 0x00, 0x00,
  0x00, 0x00, 0x00, 0x00, 0x00, 0x00, 0x00, 0x00, 0x00, 0x00, 0x00, 0x00,
  0x00, 0x00, 0x00, 0x00, 0x00, 0x00, 0x00, 0x00, 0x00, 0x00, 0x00, 0x00,
  0x00, 0x00, 0x00, 0x00, 0x00, 0x00, 0x00, 0x00, 0x00, 0x00, 0x00, 0x00,
  0x00, 0x00, 0x00, 0x00, 0x00, 0x00, 0x00, 0x00, 0x00, 0x00, 0x00, 0x00,
  0x00, 0x00, 0x00, 0x00, 0x00, 0x00, 0x00, 0x00, 0x00, 0x00, 0x00, 0x00,
  0x00, 0x00, 0x00, 0x00, 0x00, 0x00, 0x00, 0x00, 0x00, 0x00, 0x00, 0x00,
  0x00, 0x00, 0x00, 0x00, 0x00, 0x00, 0x00, 0x00, 0x00, 0x00, 0x00, 0x00,
  0x00, 0x00, 0x00, 0x00, 0x00, 0x00, 0x00, 0x00, 0x0c, 0x00, 0x00, 0x00,
  0x53, 0x1b, 0x51, 0x39, 0xf1, 0x91, 0xf7, 0x38, 0xd2, 0x22, 0xde, 0x39,
  0x8f, 0xfd, 0x7b, 0x39, 0x6a, 0x3f, 0xc3, 0x38, 0x49, 0x69, 0xa9, 0x38,
  0x5d, 0xd2, 0x24, 0x39, 0x15, 0xdb, 0xf7, 0x39, 0x7a, 0x33, 0xb7, 0x38,
  0x95, 0x87, 0x76, 0x39, 0x6b, 0xd5, 0x55, 0x39, 0x30, 0xc6, 0x08, 0x39,
  0x13, 0x00, 0x00, 0x00, 0x74, 0x66, 0x6c, 0x2e, 0x70, 0x73, 0x65, 0x75,
  0x64, 0x6f, 0x5f, 0x71, 0x63, 0x6f, 0x6e, 0x73, 0x74, 0x32, 0x34, 0x00,
  0x01, 0x00, 0x00, 0x00, 0x0c, 0x00, 0x00, 0x00, 0x02, 0xe0, 0xff, 0xff,
  0x00, 0x00, 0x00, 0x01, 0x14, 0x00, 0x00, 0x00, 0xbc, 0x00, 0x00, 0x00,
  0x19, 0x00, 0x00, 0x00, 0x00, 0x00, 0x00, 0x09, 0xc8, 0x00, 0x00, 0x00,
  0x2a, 0xe7, 0xff, 0xff, 0x03, 0x00, 0x00, 0x00, 0x08, 0x00, 0x00, 0x00,
  0x6c, 0x00, 0x00, 0x00, 0x0c, 0x00, 0x00, 0x00, 0x00, 0x00, 0x00, 0x00,
  0x00, 0x00, 0x00, 0x00, 0x00, 0x00, 0x00, 0x00, 0x00, 0x00, 0x00, 0x00,
  0x00, 0x00, 0x00, 0x00, 0x00, 0x00, 0x00, 0x00, 0x00, 0x00, 0x00, 0x00,
  0x00, 0x00, 0x00, 0x00, 0x00, 0x00, 0x00, 0x00, 0x00, 0x00, 0x00, 0x00,
  0x00, 0x00, 0x00, 0x00, 0x00, 0x00, 0x00, 0x00, 0x00, 0x00, 0x00, 0x00,
  0x00, 0x00, 0x00, 0x00, 0x00, 0x00, 0x00, 0x00, 0x00, 0x00, 0x00, 0x00,
  0x00, 0x00, 0x00, 0x00, 0x00, 0x00, 0x00, 0x00, 0x00, 0x00, 0x00, 0x00,
  0x00, 0x00, 0x00, 0x00, 0x00, 0x00, 0x00, 0x00, 0x00, 0x00, 0x00, 0x00,
  0x00, 0x00, 0x00, 0x00, 0x00, 0x00, 0x00, 0x00, 0x00, 0x00, 0x00, 0x00,
  0x0c, 0x00, 0x00, 0x00, 0x6b, 0x7f, 0x1a, 0x3b, 0x00, 0xad, 0x0b, 0x3c,
  0x8a, 0x5f, 0x99, 0x3b, 0x90, 0x5c, 0xcf, 0x3b, 0x19, 0xec, 0x03, 0x3c,
  0x0f, 0xbe, 0xba, 0x3b, 0x44, 0x9a, 0x23, 0x3c, 0x17, 0x9f, 0x39, 0x3c,
  0xc6, 0xb6, 0xb8, 0x3b, 0x7b, 0x76, 0x84, 0x3c, 0xda, 0x49, 0x73, 0x3b,
  0x1c, 0xa1, 0xb3, 0x3c, 0x13, 0x00, 0x00, 0x00, 0x74, 0x66, 0x6c, 0x2e,
  0x70, 0x73, 0x65, 0x75, 0x64, 0x6f, 0x5f, 0x71, 0x63, 0x6f, 0x6e, 0x73,
  0x74, 0x32, 0x33, 0x00, 0x04, 0x00, 0x00, 0x00, 0x01, 0x00, 0x00, 0x00,
  0x03, 0x00, 0x00, 0x00, 0x03, 0x00, 0x00, 0x00, 0x0c, 0x00, 0x00, 0x00,
  0xf6, 0xe0, 0xff, 0xff, 0x00, 0x00, 0x00, 0x01, 0x14, 0x00, 0x00, 0x00,
  0xb4, 0x00, 0x00, 0x00, 0x18, 0x00, 0x00, 0x00, 0x00, 0x00, 0x00, 0x02,
  0xc0, 0x00, 0x00, 0x00, 0x54, 0xe0, 0xff, 0xff, 0x08, 0x00, 0x00, 0x00,
  0x68, 0x00, 0x00, 0x00, 0x0c, 0x00, 0x00, 0x00, 0x00, 0x00, 0x00, 0x00,
  0x00, 0x00, 0x00, 0x00, 0x00, 0x00, 0x00, 0x00, 0x00, 0x00, 0x00, 0x00,
  0x00, 0x00, 0x00, 0x00, 0x00, 0x00, 0x00, 0x00, 0x00, 0x00, 0x00, 0x00,
  0x00, 0x00, 0x00, 0x00, 0x00, 0x00, 0x00, 0x00, 0x00, 0x00, 0x00, 0x00,
  0x00, 0x00, 0x00, 0x00, 0x00, 0x00, 0x00, 0x00, 0x00, 0x00, 0x00, 0x00,
  0x00, 0x00, 0x00, 0x00, 0x00, 0x00, 0x00, 0x00, 0x00, 0x00, 0x00, 0x00,
  0x00, 0x00, 0x00, 0x00, 0x00, 0x00, 0x00, 0x00, 0x00, 0x00, 0x00, 0x00,
  0x00, 0x00, 0x00, 0x00, 0x00, 0x00, 0x00, 0x00, 0x00, 0x00, 0x00, 0x00,
  0x00, 0x00, 0x00, 0x00, 0x00, 0x00, 0x00, 0x00, 0x0c, 0x00, 0x00, 0x00,
  0xc9, 0xa7, 0x68, 0x38, 0xd6, 0x55, 0x52, 0x39, 0x46, 0xf6, 0xe6, 0x38,
  0x8e, 0x21, 0x1c, 0x39, 0xcf, 0xa8, 0x46, 0x39, 0x27, 0x9b, 0x0c, 0x39,
  0xc4, 0x5d, 0x76, 0x39, 0x15, 0xc3, 0x8b, 0x39, 0x29, 0x14, 0x0b, 0x39,
  0x32, 0x79, 0xc7, 0x39, 0x92, 0x2e, 0xb7, 0x38, 0x15, 0x40, 0x07, 0x3a,
  0x13, 0x00, 0x00, 0x00, 0x74, 0x66, 0x6c, 0x2e, 0x70, 0x73, 0x65, 0x75,
  0x64, 0x6f, 0x5f, 0x71, 0x63, 0x6f, 0x6e, 0x73, 0x74, 0x32, 0x32, 0x00,
  0x01, 0x00, 0x00, 0x00, 0x0c, 0x00, 0x00, 0x00, 0xd6, 0xe1, 0xff, 0xff,
  0x00, 0x00, 0x00, 0x01, 0x14, 0x00, 0x00, 0x00, 0x48, 0x01, 0x00, 0x00,
  0x17, 0x00, 0x00, 0x00, 0x00, 0x00, 0x00, 0x09, 0x54, 0x01, 0x00, 0x00,
  0x34, 0xe1, 0xff, 0xff, 0x08, 0x00, 0x00, 0x00, 0xcc, 0x00, 0x00, 0x00,
  0x18, 0x00, 0x00, 0x00, 0x00, 0x00, 0x00, 0x00, 0x00, 0x00, 0x00, 0x00,
  0x00, 0x00, 0x00, 0x00, 0x00, 0x00, 0x00, 0x00, 0x00, 0x00, 0x00, 0x00,
  0x00, 0x00, 0x00, 0x00, 0x00, 0x00, 0x00, 0x00, 0x00, 0x00, 0x00, 0x00,
  0x00, 0x00, 0x00, 0x00, 0x00, 0x00, 0x00, 0x00, 0x00, 0x00, 0x00, 0x00,
  0x00, 0x00, 0x00, 0x00, 0x00, 0x00, 0x00, 0x00, 0x00, 0x00, 0x00, 0x00,
  0x00, 0x00, 0x00, 0x00, 0x00, 0x00, 0x00, 0x00, 0x00, 0x00, 0x00, 0x00,
  0x00, 0x00, 0x00, 0x00, 0x00, 0x00, 0x00, 0x00, 0x00, 0x00, 0x00, 0x00,
  0x00, 0x00, 0x00, 0x00, 0x00, 0x00, 0x00, 0x00, 0x00, 0x00, 0x00, 0x00,
  0x00, 0x00, 0x00, 0x00, 0x00, 0x00, 0x00, 0x00, 0x00, 0x00, 0x00, 0x00,
  0x00, 0x00, 0x00, 0x00, 0x00, 0x00, 0x00, 0x00, 0x00, 0x00, 0x00, 0x00,
  0x00, 0x00, 0x00, 0x00, 0x00, 0x00, 0x00, 0x00, 0x00, 0x00, 0x00, 0x00,
  0x00, 0x00, 0x00, 0x00, 0x00, 0x00, 0x00, 0x00, 0x00, 0x00, 0x00, 0x00,
  0x00, 0x00, 0x00, 0x00, 0x00, 0x00, 0x00, 0x00, 0x00, 0x00, 0x00, 0x00,
  0x00, 0x00, 0x00, 0x00, 0x00, 0x00, 0x00, 0x00, 0x00, 0x00, 0x00, 0x00,
  0x00, 0x00, 0x00, 0x00, 0x00, 0x00, 0x00, 0x00, 0x00, 0x00, 0x00, 0x00,
  0x00, 0x00, 0x00, 0x00, 0x00, 0x00, 0x00, 0x00, 0x00, 0x00, 0x00, 0x00,
  0x00, 0x00, 0x00, 0x00, 0x00, 0x00, 0x00, 0x00, 0x18, 0x00, 0x00, 0x00,
  0x71, 0x45, 0xc3, 0x3b, 0x51, 0xd0, 0xa9, 0x3b, 0x20, 0x78, 0x17, 0x3c,
  0x9b, 0x35, 0x08, 0x3c, 0x90, 0x83, 0x89, 0x3b, 0x10, 0xb9, 0x32, 0x3c,
  0x70, 0x72, 0xec, 0x3b, 0x53, 0xa3, 0x3f, 0x3c, 0x87, 0x18, 0xf9, 0x3b,
  0x48, 0x6a, 0x5b, 0x3c, 0x13, 0x0c, 0xdb, 0x3b, 0x29, 0x96, 0xb6, 0x3b,
  0x04, 0xed, 0x9f, 0x3b, 0xde, 0x0d, 0x0b, 0x3c, 0x86, 0x8b, 0xb0, 0x3b,
  0xb0, 0xbe, 0xd6, 0x3b, 0x7a, 0x44, 0xad, 0x3b, 0xc1, 0x04, 0x2d, 0x3c,
  0xca, 0xe2, 0x8a, 0x3b, 0x21, 0xcd, 0xe8, 0x3b, 0x90, 0x9b, 0x1d, 0x3c,
  0x38, 0x22, 0x1a, 0x3c, 0xa5, 0x74, 0xd1, 0x3b, 0xe7, 0xde, 0x81, 0x3c,
  0x13, 0x00, 0x00, 0x00, 0x74, 0x66, 0x6c, 0x2e, 0x70, 0x73, 0x65, 0x75,
  0x64, 0x6f, 0x5f, 0x71, 0x63, 0x6f, 0x6e, 0x73, 0x74, 0x32, 0x31, 0x00,
  0x04, 0x00, 0x00, 0x00, 0x18, 0x00, 0x00, 0x00, 0x01, 0x00, 0x00, 0x00,
  0x01, 0x00, 0x00, 0x00, 0x0c, 0x00, 0x00, 0x00, 0x56, 0xe3, 0xff, 0xff,
  0x00, 0x00, 0x00, 0x01, 0x14, 0x00, 0x00, 0x00, 0x48, 0x01, 0x00, 0x00,
  0x16, 0x00, 0x00, 0x00, 0x00, 0x00, 0x00, 0x02, 0x54, 0x01, 0x00, 0x00,
  0xb4, 0xe2, 0xff, 0xff, 0x08, 0x00, 0x00, 0x00, 0xcc, 0x00, 0x00, 0x00,
  0x18, 0x00, 0x00, 0x00, 0x00, 0x00, 0x00, 0x00, 0x00, 0x00, 0x00, 0x00,
  0x00, 0x00, 0x00, 0x00, 0x00, 0x00, 0x00, 0x00, 0x00, 0x00, 0x00, 0x00,
  0x00, 0x00, 0x00, 0x00, 0x00, 0x00, 0x00, 0x00, 0x00, 0x00, 0x00, 0x00,
  0x00, 0x00, 0x00, 0x00, 0x00, 0x00, 0x00, 0x00, 0x00, 0x00, 0x00, 0x00,
  0x00, 0x00, 0x00, 0x00, 0x00, 0x00, 0x00, 0x00, 0x00, 0x00, 0x00, 0x00,
  0x00, 0x00, 0x00, 0x00, 0x00, 0x00, 0x00, 0x00, 0x00, 0x00, 0x00, 0x00,
  0x00, 0x00, 0x00, 0x00, 0x00, 0x00, 0x00, 0x00, 0x00, 0x00, 0x00, 0x00,
  0x00, 0x00, 0x00, 0x00, 0x00, 0x00, 0x00, 0x00, 0x00, 0x00, 0x00, 0x00,
  0x00, 0x00, 0x00, 0x00, 0x00, 0x00, 0x00, 0x00, 0x00, 0x00, 0x00, 0x00,
  0x00, 0x00, 0x00, 0x00, 0x00, 0x00, 0x00, 0x00, 0x00, 0x00, 0x00, 0x00,
  0x00, 0x00, 0x00, 0x00, 0x00, 0x00, 0x00, 0x00, 0x00, 0x00, 0x00, 0x00,
  0x00, 0x00, 0x00, 0x00, 0x00, 0x00, 0x00, 0x00, 0x00, 0x00, 0x00, 0x00,
  0x00, 0x00, 0x00, 0x00, 0x00, 0x00, 0x00, 0x00, 0x00, 0x00, 0x00, 0x00,
  0x00, 0x00, 0x00, 0x00, 0x00, 0x00, 0x00, 0x00, 0x00, 0x00, 0x00, 0x00,
  0x00, 0x00, 0x00, 0x00, 0x00, 0x00, 0x00, 0x00, 0x00, 0x00, 0x00, 0x00,
  0x00, 0x00, 0x00, 0x00, 0x00, 0x00, 0x00, 0x00, 0x00, 0x00, 0x00, 0x00,
  0x00, 0x00, 0x00, 0x00, 0x00, 0x00, 0x00, 0x00, 0x18, 0x00, 0x00, 0x00,
  0x1c, 0x07, 0x13, 0x39, 0x32, 0xb8, 0xff, 0x38, 0x49, 0x18, 0x64, 0x39,
  0x86, 0x1d, 0x4d, 0x39, 0x6d, 0x14, 0xcf, 0x38, 0x5e, 0x91, 0x86, 0x39,
  0xdc, 0x07, 0x32, 0x39, 0xc9, 0x4a, 0x90, 0x39, 0xf3, 0x8d, 0x3b, 0x39,
  0xeb, 0x34, 0xa5, 0x39, 0xfc, 0xed, 0x24, 0x39, 0x19, 0x7a, 0x09, 0x39,
  0x5b, 0xd4, 0xf0, 0x38, 0x33, 0x66, 0x51, 0x39, 0x92, 0xed, 0x04, 0x39,
  0xb5, 0xb0, 0x21, 0x39, 0xd1, 0x75, 0x02, 0x39, 0xd7, 0x45, 0x82, 0x39,
  0x55, 0x25, 0xd1, 0x38, 0x22, 0x49, 0x2f, 0x39, 0xaf, 0x56, 0x6d, 0x39,
  0x70, 0x1b, 0x68, 0x39, 0x31, 0xb5, 0x1d, 0x39, 0xed, 0x91, 0xc3, 0x39,
  0x13, 0x00, 0x00, 0x00, 0x74, 0x66, 0x6c, 0x2e, 0x70, 0x73, 0x65, 0x75,
  0x64, 0x6f, 0x5f, 0x71, 0x63, 0x6f, 0x6e, 0x73, 0x74, 0x32, 0x30, 0x00,
  0x01, 0x00, 0x00, 0x00, 0x18, 0x00, 0x00, 0x00, 0xca, 0xe4, 0xff, 0xff,
  0x00, 0x00, 0x00, 0x01, 0x14, 0x00, 0x00, 0x00, 0x4c, 0x01, 0x00, 0x00,
  0x15, 0x00, 0x00, 0x00, 0x00, 0x00, 0x00, 0x09, 0x58, 0x01, 0x00, 0x00,
  0xf2, 0xeb, 0xff, 0xff, 0x03, 0x00, 0x00, 0x00, 0x08, 0x00, 0x00, 0x00,
  0xcc, 0x00, 0x00, 0x00, 0x18, 0x00, 0x00, 0x00, 0x00, 0x00, 0x00, 0x00,
  0x00, 0x00, 0x00, 0x00, 0x00, 0x00, 0x00, 0x00, 0x00, 0x00, 0x00, 0x00,
  0x00, 0x00, 0x00, 0x00, 0x00, 0x00, 0x00, 0x00, 0x00, 0x00, 0x00, 0x00,
  0x00, 0x00, 0x00, 0x00, 0x00, 0x00, 0x00, 0x00, 0x00, 0x00, 0x00, 0x00,
  0x00, 0x00, 0x00, 0x00, 0x00, 0x00, 0x00, 0x00, 0x00, 0x00, 0x00, 0x00,
  0x00, 0x00, 0x00, 0x00, 0x00, 0x00, 0x00, 0x00, 0x00, 0x00, 0x00, 0x00,
  0x00, 0x00, 0x00, 0x00, 0x00, 0x00, 0x00, 0x00, 0x00, 0x00, 0x00, 0x00,
  0x00, 0x00, 0x00, 0x00, 0x00, 0x00, 0x00, 0x00, 0x00, 0x00, 0x00, 0x00,
  0x00, 0x00, 0x00, 0x00, 0x00, 0x00, 0x00, 0x00, 0x00, 0x00, 0x00, 0x00,
  0x00, 0x00, 0x00, 0x00, 0x00, 0x00, 0x00, 0x00, 0x00, 0x00, 0x00, 0x00,
  0x00, 0x00, 0x00, 0x00, 0x00, 0x00, 0x00, 0x00, 0x00, 0x00, 0x00, 0x00,
  0x00, 0x00, 0x00, 0x00, 0x00, 0x00, 0x00, 0x00, 0x00, 0x00, 0x00, 0x00,
  0x00, 0x00, 0x00, 0x00, 0x00, 0x00, 0x00, 0x00, 0x00, 0x00, 0x00, 0x00,
  0x00, 0x00, 0x00, 0x00, 0x00, 0x00, 0x00, 0x00, 0x00, 0x00, 0x00, 0x00,
  0x00, 0x00, 0x00, 0x00, 0x00, 0x00, 0x00, 0x00, 0x00, 0x00, 0x00, 0x00,
  0x00, 0x00, 0x00, 0x00, 0x00, 0x00, 0x00, 0x00, 0x00, 0x00, 0x00, 0x00,
  0x00, 0x00, 0x00, 0x00, 0x00, 0x00, 0x00, 0x00, 0x00, 0x00, 0x00, 0x00,
  0x18, 0x00, 0x00, 0x00, 0x16, 0xe1, 0xef, 0x3b, 0xf2, 0xa5, 0xf4, 0x3b,
  0x6b, 0x44, 0x74, 0x3c, 0x6c, 0x82, 0x20, 0x3c, 0x2e, 0x8f, 0x89, 0x3c,
  0x89, 0xc2, 0x58, 0x3c, 0x34, 0xfe, 0x11, 0x3c, 0x49, 0x81, 0x6a, 0x3c,
  0x8f, 0x30, 0x27, 0x3c, 0xdd, 0xee, 0x88, 0x3b, 0x30, 0x37, 0x53, 0x3c,
  0x3e, 0x35, 0x63, 0x3c, 0xb4, 0xe1, 0xba, 0x3b, 0x14, 0xc3, 0xfb, 0x3b,
  0xc3, 0x08, 0x87, 0x3c, 0x09, 0x86, 0x07, 0x3c, 0xe8, 0x58, 0x5f, 0x3c,
  0xe0, 0x94, 0xb0, 0x3b, 0xdd, 0x12, 0x7e, 0x3c, 0x4f, 0xb1, 0x88, 0x3b,
  0xd5, 0x16, 0x8f, 0x3b, 0x99, 0x16, 0xb1, 0x3c, 0x44, 0xfd, 0x97, 0x3c,
  0xcc, 0x8c, 0xb3, 0x3b, 0x13, 0x00, 0x00, 0x00, 0x74, 0x66, 0x6c, 0x2e,
  0x70, 0x73, 0x65, 0x75, 0x64, 0x6f, 0x5f, 0x71, 0x63, 0x6f, 0x6e, 0x73,
  0x74, 0x31, 0x39, 0x00, 0x04, 0x00, 0x00, 0x00, 0x01, 0x00, 0x00, 0x00,
  0x03, 0x00, 0x00, 0x00, 0x03, 0x00, 0x00, 0x00, 0x18, 0x00, 0x00, 0x00,
  0x4e, 0xe6, 0xff, 0xff, 0x00, 0x00, 0x00, 0x01, 0x14, 0x00, 0x00, 0x00,
  0x44, 0x01, 0x00, 0x00, 0x14, 0x00, 0x00, 0x00, 0x00, 0x00, 0x00, 0x02,
  0x50, 0x01, 0x00, 0x00, 0xac, 0xe5, 0xff, 0xff, 0x08, 0x00, 0x00, 0x00,
  0xc8, 0x00, 0x00, 0x00, 0x18, 0x00, 0x00, 0x00, 0x00, 0x00, 0x00, 0x00,
  0x00, 0x00, 0x00, 0x00, 0x00, 0x00, 0x00, 0x00, 0x00, 0x00, 0x00, 0x00,
  0x00, 0x00, 0x00, 0x00, 0x00, 0x00, 0x00, 0x00, 0x00, 0x00, 0x00, 0x00,
  0x00, 0x00, 0x00, 0x00, 0x00, 0x00, 0x00, 0x00, 0x00, 0x00, 0x00, 0x00,
  0x00, 0x00, 0x00, 0x00, 0x00, 0x00, 0x00, 0x00, 0x00, 0x00, 0x00, 0x00,
  0x00, 0x00, 0x00, 0x00, 0x00, 0x00, 0x00, 0x00, 0x00, 0x00, 0x00, 0x00,
  0x00, 0x00, 0x00, 0x00, 0x00, 0x00, 0x00, 0x00, 0x00, 0x00, 0x00, 0x00,
  0x00, 0x00, 0x00, 0x00, 0x00, 0x00, 0x00, 0x00, 0x00, 0x00, 0x00, 0x00,
  0x00, 0x00, 0x00, 0x00, 0x00, 0x00, 0x00, 0x00, 0x00, 0x00, 0x00, 0x00,
  0x00, 0x00, 0x00, 0x00, 0x00, 0x00, 0x00, 0x00, 0x00, 0x00, 0x00, 0x00,
  0x00, 0x00, 0x00, 0x00, 0x00, 0x00, 0x00, 0x00, 0x00, 0x00, 0x00, 0x00,
  0x00, 0x00, 0x00, 0x00, 0x00, 0x00, 0x00, 0x00, 0x00, 0x00, 0x00, 0x00,
  0x00, 0x00, 0x00, 0x00, 0x00, 0x00, 0x00, 0x00, 0x00, 0x00, 0x00, 0x00,
  0x00, 0x00, 0x00, 0x00, 0x00, 0x00, 0x00, 0x00, 0x00, 0x00, 0x00, 0x00,
  0x00, 0x00, 0x00, 0x00, 0x00, 0x00, 0x00, 0x00, 0x00, 0x00, 0x00, 0x00,
  0x00, 0x00, 0x00, 0x00, 0x00, 0x00, 0x00, 0x00, 0x00, 0x00, 0x00, 0x00,
  0x00, 0x00, 0x00, 0x00, 0x00, 0x00, 0x00, 0x00, 0x18, 0x00, 0x00, 0x00,
  0x6e, 0x9d, 0x34, 0x39, 0xaa, 0x34, 0x38, 0x39, 0x3c, 0xeb, 0xb7, 0x39,
  0x58, 0xb5, 0x71, 0x39, 0xeb, 0x25, 0xcf, 0x39, 0x1c, 0x35, 0xa3, 0x39,
  0x27, 0xd9, 0x5b, 0x39, 0x89, 0x91, 0xb0, 0x39, 0x9b, 0xc4, 0x7b, 0x39,
  0x80, 0x34, 0xce, 0x38, 0x6d, 0x08, 0x9f, 0x39, 0x02, 0x13, 0xab, 0x39,
  0xfd, 0xb5, 0x0c, 0x39, 0xdf, 0x8f, 0x3d, 0x39, 0x7d, 0x58, 0xcb, 0x39,
  0x23, 0x15, 0x4c, 0x39, 0xd9, 0x2a, 0xa8, 0x39, 0x9d, 0xf4, 0x04, 0x39,
  0x73, 0x4d, 0xbf, 0x39, 0xcf, 0xd7, 0xcd, 0x38, 0xb9, 0x79, 0xd7, 0x38,
  0x49, 0x56, 0x05, 0x3a, 0xc7, 0xe0, 0xe4, 0x39, 0xca, 0x30, 0x07, 0x39,
  0x13, 0x00, 0x00, 0x00, 0x74, 0x66, 0x6c, 0x2e, 0x70, 0x73, 0x65, 0x75,
  0x64, 0x6f, 0x5f, 0x71, 0x63, 0x6f, 0x6e, 0x73, 0x74, 0x31, 0x38, 0x00,
  0x01, 0x00, 0x00, 0x00, 0x18, 0x00, 0x00, 0x00, 0xbe, 0xe7, 0xff, 0xff,
  0x00, 0x00, 0x00, 0x01, 0x14, 0x00, 0x00, 0x00, 0x48, 0x01, 0x00, 0x00,
  0x13, 0x00, 0x00, 0x00, 0x00, 0x00, 0x00, 0x09, 0x54, 0x01, 0x00, 0x00,
  0x1c, 0xe7, 0xff, 0xff, 0x08, 0x00, 0x00, 0x00, 0xcc, 0x00, 0x00, 0x00,
  0x18, 0x00, 0x00, 0x00, 0x00, 0x00, 0x00, 0x00, 0x00, 0x00, 0x00, 0x00,
  0x00, 0x00, 0x00, 0x00, 0x00, 0x00, 0x00, 0x00, 0x00, 0x00, 0x00, 0x00,
  0x00, 0x00, 0x00, 0x00, 0x00, 0x00, 0x00, 0x00, 0x00, 0x00, 0x00, 0x00,
  0x00, 0x00, 0x00, 0x00, 0x00, 0x00, 0x00, 0x00, 0x00, 0x00, 0x00, 0x00,
  0x00, 0x00, 0x00, 0x00, 0x00, 0x00, 0x00, 0x00, 0x00, 0x00, 0x00, 0x00,
  0x00, 0x00, 0x00, 0x00, 0x00, 0x00, 0x00, 0x00, 0x00, 0x00, 0x00, 0x00,
  0x00, 0x00, 0x00, 0x00, 0x00, 0x00, 0x00, 0x00, 0x00, 0x00, 0x00, 0x00,
  0x00, 0x00, 0x00, 0x00, 0x00, 0x00, 0x00, 0x00, 0x00, 0x00, 0x00, 0x00,
  0x00, 0x00, 0x00, 0x00, 0x00, 0x00, 0x00, 0x00, 0x00, 0x00, 0x00, 0x00,
  0x00, 0x00, 0x00, 0x00, 0x00, 0x00, 0x00, 0x00, 0x00, 0x00, 0x00, 0x00,
  0x00, 0x00, 0x00, 0x00, 0x00, 0x00, 0x00, 0x00, 0x00, 0x00, 0x00, 0x00,
  0x00, 0x00, 0x00, 0x00, 0x00, 0x00, 0x00, 0x00, 0x00, 0x00, 0x00, 0x00,
  0x00, 0x00, 0x00, 0x00, 0x00, 0x00, 0x00, 0x00, 0x00, 0x00, 0x00, 0x00,
  0x00, 0x00, 0x00, 0x00, 0x00, 0x00, 0x00, 0x00, 0x00, 0x00, 0x00, 0x00,
  0x00, 0x00, 0x00, 0x00, 0x00, 0x00, 0x00, 0x00, 0x00, 0x00, 0x00, 0x00,
  0x00, 0x00, 0x00, 0x00, 0x00, 0x00, 0x00, 0x00, 0x00, 0x00, 0x00, 0x00,
  0x00, 0x00, 0x00, 0x00, 0x00, 0x00, 0x00, 0x00, 0x18, 0x00, 0x00, 0x00,
  0x3a, 0x32, 0x74, 0x3b, 0x6b, 0xa1, 0xee, 0x3b, 0x18, 0x02, 0xf2, 0x3b,
  0xb7, 0xa9, 0x36, 0x3b, 0x56, 0x59, 0x87, 0x3b, 0x11, 0x1c, 0x69, 0x3b,
  0xf7, 0x8e, 0x8b, 0x3b, 0x76, 0x0f, 0xa4, 0x3b, 0x39, 0x90, 0x97, 0x3b,
  0xb0, 0xdf, 0x91, 0x3b, 0xca, 0x1e, 0xbc, 0x3b, 0x83, 0x40, 0xa8, 0x3b,
  0xdd, 0xf6, 0x80, 0x3b, 0x80, 0x54, 0x9d, 0x3b, 0xa8, 0x3d, 0xb9, 0x3b,
  0xed, 0x57, 0x8f, 0x3b, 0xcb, 0x07, 0x58, 0x3b, 0xc8, 0x79, 0x93, 0x3b,
  0xfb, 0x83, 0x93, 0x3b, 0x92, 0xb5, 0x5b, 0x3b, 0x0e, 0x23, 0x8d, 0x3b,
  0x82, 0x0e, 0x9f, 0x3b, 0x9c, 0x1d, 0xa8, 0x3b, 0x18, 0x23, 0xb4, 0x3b,
  0x13, 0x00, 0x00, 0x00, 0x74, 0x66, 0x6c, 0x2e, 0x70, 0x73, 0x65, 0x75,
  0x64, 0x6f, 0x5f, 0x71, 0x63, 0x6f, 0x6e, 0x73, 0x74, 0x31, 0x37, 0x00,
  0x04, 0x00, 0x00, 0x00, 0x18, 0x00, 0x00, 0x00, 0x01, 0x00, 0x00, 0x00,
  0x01, 0x00, 0x00, 0x00, 0x18, 0x00, 0x00, 0x00, 0x3e, 0xe9, 0xff, 0xff,
  0x00, 0x00, 0x00, 0x01, 0x14, 0x00, 0x00, 0x00, 0x48, 0x01, 0x00, 0x00,
  0x12, 0x00, 0x00, 0x00, 0x00, 0x00, 0x00, 0x02, 0x54, 0x01, 0x00, 0x00,
  0x9c, 0xe8, 0xff, 0xff, 0x08, 0x00, 0x00, 0x00, 0xcc, 0x00, 0x00, 0x00,
  0x18, 0x00, 0x00, 0x00, 0x00, 0x00, 0x00, 0x00, 0x00, 0x00, 0x00, 0x00,
  0x00, 0x00, 0x00, 0x00, 0x00, 0x00, 0x00, 0x00, 0x00, 0x00, 0x00, 0x00,
  0x00, 0x00, 0x00, 0x00, 0x00, 0x00, 0x00, 0x00, 0x00, 0x00, 0x00, 0x00,
  0x00, 0x00, 0x00, 0x00, 0x00, 0x00, 0x00, 0x00, 0x00, 0x00, 0x00, 0x00,
  0x00, 0x00, 0x00, 0x00, 0x00, 0x00, 0x00, 0x00, 0x00, 0x00, 0x00, 0x00,
  0x00, 0x00, 0x00, 0x00, 0x00, 0x00, 0x00, 0x00, 0x00, 0x00, 0x00, 0x00,
  0x00, 0x00, 0x00, 0x00, 0x00, 0x00, 0x00, 0x00, 0x00, 0x00, 0x00, 0x00,
  0x00, 0x00, 0x00, 0x00, 0x00, 0x00, 0x00, 0x00, 0x00, 0x00, 0x00, 0x00,
  0x00, 0x00, 0x00, 0x00, 0x00, 0x00, 0x00, 0x00, 0x00, 0x00, 0x00, 0x00,
  0x00, 0x00, 0x00, 0x00, 0x00, 0x00, 0x00, 0x00, 0x00, 0x00, 0x00, 0x00,
  0x00, 0x00, 0x00, 0x00, 0x00, 0x00, 0x00, 0x00, 0x00, 0x00, 0x00, 0x00,
  0x00, 0x00, 0x00, 0x00, 0x00, 0x00, 0x00, 0x00, 0x00, 0x00, 0x00, 0x00,
  0x00, 0x00, 0x00, 0x00, 0x00, 0x00, 0x00, 0x00, 0x00, 0x00, 0x00, 0x00,
  0x00, 0x00, 0x00, 0x00, 0x00, 0x00, 0x00, 0x00, 0x00, 0x00, 0x00, 0x00,
  0x00, 0x00, 0x00, 0x00, 0x00, 0x00, 0x00, 0x00, 0x00, 0x00, 0x00, 0x00,
  0x00, 0x00, 0x00, 0x00, 0x00, 0x00, 0x00, 0x00, 0x00, 0x00, 0x00, 0x00,
  0x00, 0x00, 0x00, 0x00, 0x00, 0x00, 0x00, 0x00, 0x18, 0x00, 0x00, 0x00,
  0x89, 0xdd, 0xb7, 0x38, 0xbd, 0xac, 0x33, 0x39, 0xca, 0x37, 0x36, 0x39,
  0xd2, 0x88, 0x89, 0x38, 0xd3, 0xd1, 0xcb, 0x38, 0x92, 0x84, 0xaf, 0x38,
  0x9b, 0x28, 0xd2, 0x38, 0x40, 0x0e, 0xf7, 0x38, 0x92, 0x3c, 0xe4, 0x38,
  0x33, 0xab, 0xdb, 0x38, 0xbc, 0xa4, 0x0d, 0x39, 0x23, 0x5e, 0xfd, 0x38,
  0x80, 0x34, 0xc2, 0x38, 0xac, 0xeb, 0xec, 0x38, 0xb8, 0x79, 0x0b, 0x39,
  0xc0, 0xdb, 0xd7, 0x38, 0x81, 0xa8, 0xa2, 0x38, 0xc1, 0x14, 0xde, 0x38,
  0x1d, 0x24, 0xde, 0x38, 0x9b, 0x6d, 0xa5, 0x38, 0x1e, 0x89, 0xd4, 0x38,
  0x49, 0x85, 0xef, 0x38, 0x94, 0x29, 0xfd, 0x38, 0xf4, 0xa1, 0x07, 0x39,
  0x13, 0x00, 0x00, 0x00, 0x74, 0x66, 0x6c, 0x2e, 0x70, 0x73, 0x65, 0x75,
  0x64, 0x6f, 0x5f, 0x71, 0x63, 0x6f, 0x6e, 0x73, 0x74, 0x31, 0x36, 0x00,
  0x01, 0x00, 0x00, 0x00, 0x18, 0x00, 0x00, 0x00, 0xb2, 0xea, 0xff, 0xff,
  0x00, 0x00, 0x00, 0x01, 0x14, 0x00, 0x00, 0x00, 0x4c, 0x01, 0x00, 0x00,
  0x11, 0x00, 0x00, 0x00, 0x00, 0x00, 0x00, 0x09, 0x58, 0x01, 0x00, 0x00,
  0xda, 0xf1, 0xff, 0xff, 0x03, 0x00, 0x00, 0x00, 0x08, 0x00, 0x00, 0x00,
  0xcc, 0x00, 0x00, 0x00, 0x18, 0x00, 0x00, 0x00, 0x00, 0x00, 0x00, 0x00,
  0x00, 0x00, 0x00, 0x00, 0x00, 0x00, 0x00, 0x00, 0x00, 0x00, 0x00, 0x00,
  0x00, 0x00, 0x00, 0x00, 0x00, 0x00, 0x00, 0x00, 0x00, 0x00, 0x00, 0x00,
  0x00, 0x00, 0x00, 0x00, 0x00, 0x00, 0x00, 0x00, 0x00, 0x00, 0x00, 0x00,
  0x00, 0x00, 0x00, 0x00, 0x00, 0x00, 0x00, 0x00, 0x00, 0x00, 0x00, 0x00,
  0x00, 0x00, 0x00, 0x00, 0x00, 0x00, 0x00, 0x00, 0x00, 0x00, 0x00, 0x00,
  0x00, 0x00, 0x00, 0x00, 0x00, 0x00, 0x00, 0x00, 0x00, 0x00, 0x00, 0x00,
  0x00, 0x00, 0x00, 0x00, 0x00, 0x00, 0x00, 0x00, 0x00, 0x00, 0x00, 0x00,
  0x00, 0x00, 0x00, 0x00, 0x00, 0x00, 0x00, 0x00, 0x00, 0x00, 0x00, 0x00,
  0x00, 0x00, 0x00, 0x00, 0x00, 0x00, 0x00, 0x00, 0x00, 0x00, 0x00, 0x00,
  0x00, 0x00, 0x00, 0x00, 0x00, 0x00, 0x00, 0x00, 0x00, 0x00, 0x00, 0x00,
  0x00, 0x00, 0x00, 0x00, 0x00, 0x00, 0x00, 0x00, 0x00, 0x00, 0x00, 0x00,
  0x00, 0x00, 0x00, 0x00, 0x00, 0x00, 0x00, 0x00, 0x00, 0x00, 0x00, 0x00,
  0x00, 0x00, 0x00, 0x00, 0x00, 0x00, 0x00, 0x00, 0x00, 0x00, 0x00, 0x00,
  0x00, 0x00, 0x00, 0x00, 0x00, 0x00, 0x00, 0x00, 0x00, 0x00, 0x00, 0x00,
  0x00, 0x00, 0x00, 0x00, 0x00, 0x00, 0x00, 0x00, 0x00, 0x00, 0x00, 0x00,
  0x00, 0x00, 0x00, 0x00, 0x00, 0x00, 0x00, 0x00, 0x00, 0x00, 0x00, 0x00,
  0x18, 0x00, 0x00, 0x00, 0x18, 0x0c, 0xff, 0x3b, 0x4a, 0x4d, 0x15, 0x3c,
  0x92, 0xbd, 0xa0, 0x3b, 0x65, 0xf3, 0xd5, 0x3b, 0x63, 0x47, 0x0c, 0x3c,
  0x13, 0xcd, 0xd8, 0x3b, 0x63, 0xae, 0x5e, 0x3c, 0xf7, 0x47, 0xab, 0x3b,
  0xf9, 0x10, 0x14, 0x3c, 0xd2, 0x83, 0xaa, 0x3b, 0x5e, 0x59, 0x9c, 0x3b,
  0x76, 0x37, 0xcc, 0x3b, 0x96, 0xdd, 0x90, 0x3b, 0x84, 0x5b, 0xdd, 0x3b,
  0x1b, 0x04, 0xb6, 0x3b, 0x2d, 0x7d, 0xee, 0x3b, 0x4f, 0xe6, 0x1e, 0x3c,
  0x9b, 0xb8, 0x52, 0x3b, 0xe2, 0xa1, 0x04, 0x3c, 0xe5, 0x98, 0x17, 0x3c,
  0x70, 0x00, 0x17, 0x3c, 0x82, 0xd3, 0xb3, 0x3b, 0x34, 0x75, 0x6f, 0x3b,
  0x24, 0x0f, 0xe7, 0x3b, 0x13, 0x00, 0x00, 0x00, 0x74, 0x66, 0x6c, 0x2e,
  0x70, 0x73, 0x65, 0x75, 0x64, 0x6f, 0x5f, 0x71, 0x63, 0x6f, 0x6e, 0x73,
  0x74, 0x31, 0x35, 0x00, 0x04, 0x00, 0x00, 0x00, 0x01, 0x00, 0x00, 0x00,
  0x03, 0x00, 0x00, 0x00, 0x03, 0x00, 0x00, 0x00, 0x18, 0x00, 0x00, 0x00,
  0x36, 0xec, 0xff, 0xff, 0x00, 0x00, 0x00, 0x01, 0x14, 0x00, 0x00, 0x00,
  0x44, 0x01, 0x00, 0x00, 0x10, 0x00, 0x00, 0x00, 0x00, 0x00, 0x00, 0x02,
  0x50, 0x01, 0x00, 0x00, 0x94, 0xeb, 0xff, 0xff, 0x08, 0x00, 0x00, 0x00,
  0xc8, 0x00, 0x00, 0x00, 0x18, 0x00, 0x00, 0x00, 0x00, 0x00, 0x00, 0x00,
  0x00, 0x00, 0x00, 0x00, 0x00, 0x00, 0x00, 0x00, 0x00, 0x00, 0x00, 0x00,
  0x00, 0x00, 0x00, 0x00, 0x00, 0x00, 0x00, 0x00, 0x00, 0x00, 0x00, 0x00,
  0x00, 0x00, 0x00, 0x00, 0x00, 0x00, 0x00, 0x00, 0x00, 0x00, 0x00, 0x00,
  0x00, 0x00, 0x00, 0x00, 0x00, 0x00, 0x00, 0x00, 0x00, 0x00, 0x00, 0x00,
  0x00, 0x00, 0x00, 0x00, 0x00, 0x00, 0x00, 0x00, 0x00, 0x00, 0x00, 0x00,
  0x00, 0x00, 0x00, 0x00, 0x00, 0x00, 0x00, 0x00, 0x00, 0x00, 0x00, 0x00,
  0x00, 0x00, 0x00, 0x00, 0x00, 0x00, 0x00, 0x00, 0x00, 0x00, 0x00, 0x00,
  0x00, 0x00, 0x00, 0x00, 0x00, 0x00, 0x00, 0x00, 0x00, 0x00, 0x00, 0x00,
  0x00, 0x00, 0x00, 0x00, 0x00, 0x00, 0x00, 0x00, 0x00, 0x00, 0x00, 0x00,
  0x00, 0x00, 0x00, 0x00, 0x00, 0x00, 0x00, 0x00, 0x00, 0x00, 0x00, 0x00,
  0x00, 0x00, 0x00, 0x00, 0x00, 0x00, 0x00, 0x00, 0x00, 0x00, 0x00, 0x00,
  0x00, 0x00, 0x00, 0x00, 0x00, 0x00, 0x00, 0x00, 0x00, 0x00, 0x00, 0x00,
  0x00, 0x00, 0x00, 0x00, 0x00, 0x00, 0x00, 0x00, 0x00, 0x00, 0x00, 0x00,
  0x00, 0x00, 0x00, 0x00, 0x00, 0x00, 0x00, 0x00, 0x00, 0x00, 0x00, 0x00,
  0x00, 0x00, 0x00, 0x00, 0x00, 0x00, 0x00, 0x00, 0x00, 0x00, 0x00, 0x00,
  0x00, 0x00, 0x00, 0x00, 0x00, 0x00, 0x00, 0x00, 0x18, 0x00, 0x00, 0x00,
  0x1b, 0x09, 0x40, 0x39, 0xc4, 0xd4, 0x60, 0x39, 0x6a, 0x0e, 0xf2, 0x38,
  0xa4, 0x17, 0x21, 0x39, 0x53, 0x3e, 0x53, 0x39, 0x0c, 0x3d, 0x23, 0x39,
  0x75, 0xaa, 0xa7, 0x39, 0xf0, 0xf6, 0x00, 0x39, 0x6e, 0xf8, 0x5e, 0x39,
  0x41, 0x63, 0x00, 0x39, 0x7f, 0x71, 0xeb, 0x38, 0x5c, 0xc3, 0x19, 0x39,
  0x88, 0x26, 0xda, 0x38, 0x4f, 0xab, 0x26, 0x39, 0x21, 0x0c, 0x09, 0x39,
  0x73, 0x91, 0x33, 0x39, 0xc0, 0x48, 0x6f, 0x39, 0x1e, 0xa9, 0x9e, 0x38,
  0x8e, 0xba, 0x47, 0x39, 0xa1, 0x49, 0x64, 0x39, 0x0c, 0x64, 0x63, 0x39,
  0x08, 0x66, 0x07, 0x39, 0x33, 0x4c, 0xb4, 0x38, 0x55, 0xf9, 0x2d, 0x39,
  0x13, 0x00, 0x00, 0x00, 0x74, 0x66, 0x6c, 0x2e, 0x70, 0x73, 0x65, 0x75,
  0x64, 0x6f, 0x5f, 0x71, 0x63, 0x6f, 0x6e, 0x73, 0x74, 0x31, 0x34, 0x00,
  0x01, 0x00, 0x00, 0x00, 0x18, 0x00, 0x00, 0x00, 0xa6, 0xed, 0xff, 0xff,
  0x00, 0x00, 0x00, 0x01, 0x14, 0x00, 0x00, 0x00, 0xd8, 0x01, 0x00, 0x00,
  0x0f, 0x00, 0x00, 0x00, 0x00, 0x00, 0x00, 0x09, 0xe4, 0x01, 0x00, 0x00,
  0x04, 0xed, 0xff, 0xff, 0x08, 0x00, 0x00, 0x00, 0x2c, 0x01, 0x00, 0x00,
  0x24, 0x00, 0x00, 0x00, 0x00, 0x00, 0x00, 0x00, 0x00, 0x00, 0x00, 0x00,
  0x00, 0x00, 0x00, 0x00, 0x00, 0x00, 0x00, 0x00, 0x00, 0x00, 0x00, 0x00,
  0x00, 0x00, 0x00, 0x00, 0x00, 0x00, 0x00, 0x00, 0x00, 0x00, 0x00, 0x00,
  0x00, 0x00, 0x00, 0x00, 0x00, 0x00, 0x00, 0x00, 0x00, 0x00, 0x00, 0x00,
  0x00, 0x00, 0x00, 0x00, 0x00, 0x00, 0x00, 0x00, 0x00, 0x00, 0x00, 0x00,
  0x00, 0x00, 0x00, 0x00, 0x00, 0x00, 0x00, 0x00, 0x00, 0x00, 0x00, 0x00,
  0x00, 0x00, 0x00, 0x00, 0x00, 0x00, 0x00, 0x00, 0x00, 0x00, 0x00, 0x00,
  0x00, 0x00, 0x00, 0x00, 0x00, 0x00, 0x00, 0x00, 0x00, 0x00, 0x00, 0x00,
  0x00, 0x00, 0x00, 0x00, 0x00, 0x00, 0x00, 0x00, 0x00, 0x00, 0x00, 0x00,
  0x00, 0x00, 0x00, 0x00, 0x00, 0x00, 0x00, 0x00, 0x00, 0x00, 0x00, 0x00,
  0x00, 0x00, 0x00, 0x00, 0x00, 0x00, 0x00, 0x00, 0x00, 0x00, 0x00, 0x00,
  0x00, 0x00, 0x00, 0x00, 0x00, 0x00, 0x00, 0x00, 0x00, 0x00, 0x00, 0x00,
  0x00, 0x00, 0x00, 0x00, 0x00, 0x00, 0x00, 0x00, 0x00, 0x00, 0x00, 0x00,
  0x00, 0x00, 0x00, 0x00, 0x00, 0x00, 0x00, 0x00, 0x00, 0x00, 0x00, 0x00,
  0x00, 0x00, 0x00, 0x00, 0x00, 0x00, 0x00, 0x00, 0x00, 0x00, 0x00, 0x00,
  0x00, 0x00, 0x00, 0x00, 0x00, 0x00, 0x00, 0x00, 0x00, 0x00, 0x00, 0x00,
  0x00, 0x00, 0x00, 0x00, 0x00, 0x00, 0x00, 0x00, 0x00, 0x00, 0x00, 0x00,
  0x00, 0x00, 0x00, 0x00, 0x00, 0x00, 0x00, 0x00, 0x00, 0x00, 0x00, 0x00,
  0x00, 0x00, 0x00, 0x00, 0x00, 0x00, 0x00, 0x00, 0x00, 0x00, 0x00, 0x00,
  0x00, 0x00, 0x00, 0x00, 0x00, 0x00, 0x00, 0x00, 0x00, 0x00, 0x00, 0x00,
  0x00, 0x00, 0x00, 0x00, 0x00, 0x00, 0x00, 0x00, 0x00, 0x00, 0x00, 0x00,
  0x00, 0x00, 0x00, 0x00, 0x00, 0x00, 0x00, 0x00, 0x00, 0x00, 0x00, 0x00,
  0x00, 0x00, 0x00, 0x00, 0x00, 0x00, 0x00, 0x00, 0x00, 0x00, 0x00, 0x00,
  0x00, 0x00, 0x00, 0x00, 0x00, 0x00, 0x00, 0x00, 0x00, 0x00, 0x00, 0x00,
  0x00, 0x00, 0x00, 0x00, 0x00, 0x00, 0x00, 0x00, 0x24, 0x00, 0x00, 0x00,
  0x9e, 0x25, 0x8b, 0x3b, 0x23, 0xe3, 0x60, 0x3b, 0xc8, 0x23, 0xea, 0x3b,
  0xb4, 0xd7, 0x41, 0x3b, 0x3c, 0x93, 0x77, 0x3b, 0xb0, 0x7a, 0x79, 0x3b,
  0xa6, 0xdb, 0x80, 0x3b, 0x35, 0x2d, 0xaa, 0x3b, 0x66, 0x3e, 0x9e, 0x3b,
  0x8e, 0xcd, 0x99, 0x3b, 0xdb, 0x7a, 0x86, 0x3b, 0x32, 0x73, 0x8a, 0x3b,
  0xe8, 0x04, 0x12, 0x3b, 0x32, 0xcb, 0x9f, 0x3b, 0x52, 0x9b, 0xb6, 0x3b,
  0xad, 0xae, 0x89, 0x3b, 0x8a, 0xbc, 0x70, 0x3b, 0x77, 0x7f, 0x4f, 0x3b,
  0x97, 0x33, 0x5c, 0x3b, 0xc4, 0xdc, 0xb5, 0x3b, 0x71, 0x21, 0x9e, 0x3b,
  0xb4, 0x22, 0x10, 0x3b, 0x78, 0x53, 0x94, 0x3b, 0xab, 0xa4, 0x4c, 0x3b,
  0x25, 0xac, 0xe3, 0x3a, 0xed, 0x25, 0x85, 0x3b, 0x00, 0x19, 0x9c, 0x3b,
  0x59, 0x30, 0xad, 0x3b, 0x8c, 0xd4, 0x6e, 0x3b, 0xe9, 0x16, 0x80, 0x3b,
  0x0b, 0xe3, 0x61, 0x3b, 0x60, 0xae, 0x95, 0x3b, 0x80, 0x22, 0x83, 0x3b,
  0xa6, 0xae, 0xbe, 0x3b, 0x8a, 0xb1, 0x88, 0x3b, 0xd1, 0xfe, 0x6a, 0x3b,
  0x13, 0x00, 0x00, 0x00, 0x74, 0x66, 0x6c, 0x2e, 0x70, 0x73, 0x65, 0x75,
  0x64, 0x6f, 0x5f, 0x71, 0x63, 0x6f, 0x6e, 0x73, 0x74, 0x31, 0x33, 0x00,
  0x04, 0x00, 0x00, 0x00, 0x24, 0x00, 0x00, 0x00, 0x01, 0x00, 0x00, 0x00,
  0x01, 0x00, 0x00, 0x00, 0x18, 0x00, 0x00, 0x00, 0xb6, 0xef, 0xff, 0xff,
  0x00, 0x00, 0x00, 0x01, 0x14, 0x00, 0x00, 0x00, 0xd8, 0x01, 0x00, 0x00,
  0x0e, 0x00, 0x00, 0x00, 0x00, 0x00, 0x00, 0x02, 0xe4, 0x01, 0x00, 0x00,
  0x14, 0xef, 0xff, 0xff, 0x08, 0x00, 0x00, 0x00, 0x2c, 0x01, 0x00, 0x00,
  0x24, 0x00, 0x00, 0x00, 0x00, 0x00, 0x00, 0x00, 0x00, 0x00, 0x00, 0x00,
  0x00, 0x00, 0x00, 0x00, 0x00, 0x00, 0x00, 0x00, 0x00, 0x00, 0x00, 0x00,
  0x00, 0x00, 0x00, 0x00, 0x00, 0x00, 0x00, 0x00, 0x00, 0x00, 0x00, 0x00,
  0x00, 0x00, 0x00, 0x00, 0x00, 0x00, 0x00, 0x00, 0x00, 0x00, 0x00, 0x00,
  0x00, 0x00, 0x00, 0x00, 0x00, 0x00, 0x00, 0x00, 0x00, 0x00, 0x00, 0x00,
  0x00, 0x00, 0x00, 0x00, 0x00, 0x00, 0x00, 0x00, 0x00, 0x00, 0x00, 0x00,
  0x00, 0x00, 0x00, 0x00, 0x00, 0x00, 0x00, 0x00, 0x00, 0x00, 0x00, 0x00,
  0x00, 0x00, 0x00, 0x00, 0x00, 0x00, 0x00, 0x00, 0x00, 0x00, 0x00, 0x00,
  0x00, 0x00, 0x00, 0x00, 0x00, 0x00, 0x00, 0x00, 0x00, 0x00, 0x00, 0x00,
  0x00, 0x00, 0x00, 0x00, 0x00, 0x00, 0x00, 0x00, 0x00, 0x00, 0x00, 0x00,
  0x00, 0x00, 0x00, 0x00, 0x00, 0x00, 0x00, 0x00, 0x00, 0x00, 0x00, 0x00,
  0x00, 0x00, 0x00, 0x00, 0x00, 0x00, 0x00, 0x00, 0x00, 0x00, 0x00, 0x00,
  0x00, 0x00, 0x00, 0x00, 0x00, 0x00, 0x00, 0x00, 0x00, 0x00, 0x00, 0x00,
  0x00, 0x00, 0x00, 0x00, 0x00, 0x00, 0x00, 0x00, 0x00, 0x00, 0x00, 0x00,
  0x00, 0x00, 0x00, 0x00, 0x00, 0x00, 0x00, 0x00, 0x00, 0x00, 0x00, 0x00,
  0x00, 0x00, 0x00, 0x00, 0x00, 0x00, 0x00, 0x00, 0x00, 0x00, 0x00, 0x00,
  0x00, 0x00, 0x00, 0x00, 0x00, 0x00, 0x00, 0x00, 0x00, 0x00, 0x00, 0x00,
  0x00, 0x00, 0x00, 0x00, 0x00, 0x00, 0x00, 0x00, 0x00, 0x00, 0x00, 0x00,
  0x00, 0x00, 0x00, 0x00, 0x00, 0x00, 0x00, 0x00, 0x00, 0x00, 0x00, 0x00,
  0x00, 0x00, 0x00, 0x00, 0x00, 0x00, 0x00, 0x00, 0x00, 0x00, 0x00, 0x00,
  0x00, 0x00, 0x00, 0x00, 0x00, 0x00, 0x00, 0x00, 0x00, 0x00, 0x00, 0x00,
  0x00, 0x00, 0x00, 0x00, 0x00, 0x00, 0x00, 0x00, 0x00, 0x00, 0x00, 0x00,
  0x00, 0x00, 0x00, 0x00, 0x00, 0x00, 0x00, 0x00, 0x00, 0x00, 0x00, 0x00,
  0x00, 0x00, 0x00, 0x00, 0x00, 0x00, 0x00, 0x00, 0x00, 0x00, 0x00, 0x00,
  0x00, 0x00, 0x00, 0x00, 0x00, 0x00, 0x00, 0x00, 0x24, 0x00, 0x00, 0x00,
  0xf7, 0x89, 0xd1, 0x38, 0xae, 0x53, 0xa9, 0x38, 0x21, 0x4b, 0x30, 0x39,
  0xbb, 0xf3, 0x91, 0x38, 0xd6, 0x68, 0xba, 0x38, 0xdc, 0xd7, 0xbb, 0x38,
  0x85, 0x0b, 0xc2, 0x38, 0x0a, 0x22, 0x00, 0x39, 0xe5, 0x4b, 0xee, 0x38,
  0xf1, 0x9b, 0xe7, 0x38, 0xcc, 0x82, 0xca, 0x38, 0x49, 0x7d, 0xd0, 0x38,
  0x40, 0xe3, 0x5b, 0x38, 0x6d, 0xa1, 0xf0, 0x38, 0xfc, 0x7d, 0x09, 0x39,
  0x59, 0x55, 0xcf, 0x38, 0xaa, 0x42, 0xb5, 0x38, 0xd5, 0x3b, 0x9c, 0x38,
  0x7e, 0xcc, 0xa5, 0x38, 0x82, 0xee, 0x08, 0x39, 0x4a, 0x20, 0xee, 0x38,
  0x1b, 0x0d, 0x59, 0x38, 0x91, 0x5c, 0xdf, 0x38, 0x96, 0x15, 0x9a, 0x38,
  0x89, 0x6c, 0x2b, 0x38, 0x65, 0x81, 0xc8, 0x38, 0x91, 0x10, 0xeb, 0x38,
  0xaa, 0x66, 0x02, 0x39, 0x3c, 0xd3, 0xb3, 0x38, 0x41, 0xe3, 0xc0, 0x38,
  0x5d, 0x14, 0xaa, 0x38, 0xf7, 0x66, 0xe1, 0x38, 0x39, 0x79, 0xc5, 0x38,
  0x8f, 0x92, 0x0f, 0x39, 0x27, 0xd8, 0xcd, 0x38, 0x0d, 0xf0, 0xb0, 0x38,
  0x13, 0x00, 0x00, 0x00, 0x74, 0x66, 0x6c, 0x2e, 0x70, 0x73, 0x65, 0x75,
  0x64, 0x6f, 0x5f, 0x71, 0x63, 0x6f, 0x6e, 0x73, 0x74, 0x31, 0x32, 0x00,
  0x01, 0x00, 0x00, 0x00, 0x24, 0x00, 0x00, 0x00, 0xba, 0xf1, 0xff, 0xff,
  0x00, 0x00, 0x00, 0x01, 0x14, 0x00, 0x00, 0x00, 0xdc, 0x01, 0x00, 0x00,
  0x0d, 0x00, 0x00, 0x00, 0x00, 0x00, 0x00, 0x09, 0xe8, 0x01, 0x00, 0x00,
  0xe2, 0xf8, 0xff, 0xff, 0x03, 0x00, 0x00, 0x00, 0x08, 0x00, 0x00, 0x00,
  0x2c, 0x01, 0x00, 0x00, 0x24, 0x00, 0x00, 0x00, 0x00, 0x00, 0x00, 0x00,
  0x00, 0x00, 0x00, 0x00, 0x00, 0x00, 0x00, 0x00, 0x00, 0x00, 0x00, 0x00,
  0x00, 0x00, 0x00, 0x00, 0x00, 0x00, 0x00, 0x00, 0x00, 0x00, 0x00, 0x00,
  0x00, 0x00, 0x00, 0x00, 0x00, 0x00, 0x00, 0x00, 0x00, 0x00, 0x00, 0x00,
  0x00, 0x00, 0x00, 0x00, 0x00, 0x00, 0x00, 0x00, 0x00, 0x00, 0x00, 0x00,
  0x00, 0x00, 0x00, 0x00, 0x00, 0x00, 0x00, 0x00, 0x00, 0x00, 0x00, 0x00,
  0x00, 0x00, 0x00, 0x00, 0x00, 0x00, 0x00, 0x00, 0x00, 0x00, 0x00, 0x00,
  0x00, 0x00, 0x00, 0x00, 0x00, 0x00, 0x00, 0x00, 0x00, 0x00, 0x00, 0x00,
  0x00, 0x00, 0x00, 0x00, 0x00, 0x00, 0x00, 0x00, 0x00, 0x00, 0x00, 0x00,
  0x00, 0x00, 0x00, 0x00, 0x00, 0x00, 0x00, 0x00, 0x00, 0x00, 0x00, 0x00,
  0x00, 0x00, 0x00, 0x00, 0x00, 0x00, 0x00, 0x00, 0x00, 0x00, 0x00, 0x00,
  0x00, 0x00, 0x00, 0x00, 0x00, 0x00, 0x00, 0x00, 0x00, 0x00, 0x00, 0x00,
  0x00, 0x00, 0x00, 0x00, 0x00, 0x00, 0x00, 0x00, 0x00, 0x00, 0x00, 0x00,
  0x00, 0x00, 0x00, 0x00, 0x00, 0x00, 0x00, 0x00, 0x00, 0x00, 0x00, 0x00,
  0x00, 0x00, 0x00, 0x00, 0x00, 0x00, 0x00, 0x00, 0x00, 0x00, 0x00, 0x00,
  0x00, 0x00, 0x00, 0x00, 0x00, 0x00, 0x00, 0x00, 0x00, 0x00, 0x00, 0x00,
  0x00, 0x00, 0x00, 0x00, 0x00, 0x00, 0x00, 0x00, 0x00, 0x00, 0x00, 0x00,
  0x00, 0x00, 0x00, 0x00, 0x00, 0x00, 0x00, 0x00, 0x00, 0x00, 0x00, 0x00,
  0x00, 0x00, 0x00, 0x00, 0x00, 0x00, 0x00, 0x00, 0x00, 0x00, 0x00, 0x00,
  0x00, 0x00, 0x00, 0x00, 0x00, 0x00, 0x00, 0x00, 0x00, 0x00, 0x00, 0x00,
  0x00, 0x00, 0x00, 0x00, 0x00, 0x00, 0x00, 0x00, 0x00, 0x00, 0x00, 0x00,
  0x00, 0x00, 0x00, 0x00, 0x00, 0x00, 0x00, 0x00, 0x00, 0x00, 0x00, 0x00,
  0x00, 0x00, 0x00, 0x00, 0x00, 0x00, 0x00, 0x00, 0x00, 0x00, 0x00, 0x00,
  0x00, 0x00, 0x00, 0x00, 0x00, 0x00, 0x00, 0x00, 0x00, 0x00, 0x00, 0x00,
  0x00, 0x00, 0x00, 0x00, 0x00, 0x00, 0x00, 0x00, 0x00, 0x00, 0x00, 0x00,
  0x24, 0x00, 0x00, 0x00, 0xca, 0xbf, 0x23, 0x3c, 0x21, 0x2d, 0xe3, 0x3b,
  0x43, 0xce, 0xa0, 0x3b, 0x24, 0x83, 0xdd, 0x3b, 0x4f, 0x8e, 0x37, 0x3c,
  0x64, 0x6f, 0x0a, 0x3c, 0x44, 0x74, 0x0a, 0x3c, 0x0a, 0xa8, 0x9a, 0x3b,
  0x11, 0x80, 0x9c, 0x3b, 0x10, 0xe4, 0x14, 0x3c, 0x9a, 0x5a, 0xa0, 0x3b,
  0x2a, 0x19, 0xcc, 0x3b, 0xdd, 0xb4, 0x49, 0x3c, 0xc2, 0xd8, 0x19, 0x3c,
  0x22, 0x92, 0x9e, 0x3b, 0x5a, 0xdf, 0xbd, 0x3b, 0x67, 0x8b, 0x08, 0x3c,
  0x12, 0xa5, 0x42, 0x3c, 0x4b, 0x3f, 0x06, 0x3c, 0x8d, 0x72, 0xbb, 0x3b,
  0xa5, 0x6e, 0x29, 0x3c, 0x67, 0x83, 0xfb, 0x3b, 0x04, 0x72, 0x99, 0x3b,
  0x89, 0x72, 0x29, 0x3c, 0x12, 0xb7, 0x5c, 0x3c, 0xe8, 0x6a, 0x6a, 0x3c,
  0x77, 0x61, 0xc9, 0x3b, 0x6a, 0x3c, 0xc9, 0x3b, 0x5f, 0xf7, 0x0b, 0x3c,
  0x42, 0x16, 0xc9, 0x3b, 0x05, 0xb1, 0x53, 0x3c, 0xcb, 0x54, 0xf1, 0x3b,
  0x26, 0x53, 0x05, 0x3c, 0xb1, 0xd3, 0xa3, 0x3b, 0xe4, 0x23, 0x43, 0x3b,
  0xc4, 0x56, 0xa2, 0x3b, 0x13, 0x00, 0x00, 0x00, 0x74, 0x66, 0x6c, 0x2e,
  0x70, 0x73, 0x65, 0x75, 0x64, 0x6f, 0x5f, 0x71, 0x63, 0x6f, 0x6e, 0x73,
  0x74, 0x31, 0x31, 0x00, 0x04, 0x00, 0x00, 0x00, 0x01, 0x00, 0x00, 0x00,
  0x03, 0x00, 0x00, 0x00, 0x03, 0x00, 0x00, 0x00, 0x24, 0x00, 0x00, 0x00,
  0xce, 0xf3, 0xff, 0xff, 0x00, 0x00, 0x00, 0x01, 0x14, 0x00, 0x00, 0x00,
  0xd4, 0x01, 0x00, 0x00, 0x0c, 0x00, 0x00, 0x00, 0x00, 0x00, 0x00, 0x02,
  0xe0, 0x01, 0x00, 0x00, 0x2c, 0xf3, 0xff, 0xff, 0x08, 0x00, 0x00, 0x00,
  0x28, 0x01, 0x00, 0x00, 0x24, 0x00, 0x00, 0x00, 0x00, 0x00, 0x00, 0x00,
  0x00, 0x00, 0x00, 0x00, 0x00, 0x00, 0x00, 0x00, 0x00, 0x00, 0x00, 0x00,
  0x00, 0x00, 0x00, 0x00, 0x00, 0x00, 0x00, 0x00, 0x00, 0x00, 0x00, 0x00,
  0x00, 0x00, 0x00, 0x00, 0x00, 0x00, 0x00, 0x00, 0x00, 0x00, 0x00, 0x00,
  0x00, 0x00, 0x00, 0x00, 0x00, 0x00, 0x00, 0x00, 0x00, 0x00, 0x00, 0x00,
  0x00, 0x00, 0x00, 0x00, 0x00, 0x00, 0x00, 0x00, 0x00, 0x00, 0x00, 0x00,
  0x00, 0x00, 0x00, 0x00, 0x00, 0x00, 0x00, 0x00, 0x00, 0x00, 0x00, 0x00,
  0x00, 0x00, 0x00, 0x00, 0x00, 0x00, 0x00, 0x00, 0x00, 0x00, 0x00, 0x00,
  0x00, 0x00, 0x00, 0x00, 0x00, 0x00, 0x00, 0x00, 0x00, 0x00, 0x00, 0x00,
  0x00, 0x00, 0x00, 0x00, 0x00, 0x00, 0x00, 0x00, 0x00, 0x00, 0x00, 0x00,
  0x00, 0x00, 0x00, 0x00, 0x00, 0x00, 0x00, 0x00, 0x00, 0x00, 0x00, 0x00,
  0x00, 0x00, 0x00, 0x00, 0x00, 0x00, 0x00, 0x00, 0x00, 0x00, 0x00, 0x00,
  0x00, 0x00, 0x00, 0x00, 0x00, 0x00, 0x00, 0x00, 0x00, 0x00, 0x00, 0x00,
  0x00, 0x00, 0x00, 0x00, 0x00, 0x00, 0x00, 0x00, 0x00, 0x00, 0x00, 0x00,
  0x00, 0x00, 0x00, 0x00, 0x00, 0x00, 0x00, 0x00, 0x00, 0x00, 0x00, 0x00,
  0x00, 0x00, 0x00, 0x00, 0x00, 0x00, 0x00, 0x00, 0x00, 0x00, 0x00, 0x00,
  0x00, 0x00, 0x00, 0x00, 0x00, 0x00, 0x00, 0x00, 0x00, 0x00, 0x00, 0x00,
  0x00, 0x00, 0x00, 0x00, 0x00, 0x00, 0x00, 0x00, 0x00, 0x00, 0x00, 0x00,
  0x00, 0x00, 0x00, 0x00, 0x00, 0x00, 0x00, 0x00, 0x00, 0x00, 0x00, 0x00,
  0x00, 0x00, 0x00, 0x00, 0x00, 0x00, 0x00, 0x00, 0x00, 0x00, 0x00, 0x00,
  0x00, 0x00, 0x00, 0x00, 0x00, 0x00, 0x00, 0x00, 0x00, 0x00, 0x00, 0x00,
  0x00, 0x00, 0x00, 0x00, 0x00, 0x00, 0x00, 0x00, 0x00, 0x00, 0x00, 0x00,
  0x00, 0x00, 0x00, 0x00, 0x00, 0x00, 0x00, 0x00, 0x00, 0x00, 0x00, 0x00,
  0x00, 0x00, 0x00, 0x00, 0x00, 0x00, 0x00, 0x00, 0x00, 0x00, 0x00, 0x00,
  0x00, 0x00, 0x00, 0x00, 0x00, 0x00, 0x00, 0x00, 0x24, 0x00, 0x00, 0x00,
  0x46, 0x96, 0x76, 0x39, 0xe6, 0x0c, 0x2b, 0x39, 0x8c, 0x27, 0xf2, 0x38,
  0x24, 0xc9, 0x26, 0x39, 0xf0, 0x34, 0x8a, 0x39, 0x8e, 0x77, 0x50, 0x39,
  0xe5, 0x7e, 0x50, 0x39, 0xf4, 0xe4, 0xe8, 0x38, 0xc6, 0xab, 0xeb, 0x38,
  0x4f, 0x36, 0x60, 0x39, 0x61, 0x79, 0xf1, 0x38, 0x8c, 0xac, 0x19, 0x39,
  0x85, 0xdf, 0x97, 0x39, 0xd0, 0xac, 0x67, 0x39, 0xfd, 0xc9, 0xee, 0x38,
  0x7a, 0xf6, 0x0e, 0x39, 0xb9, 0x9e, 0x4d, 0x39, 0x5c, 0x8e, 0x92, 0x39,
  0x1a, 0x29, 0x4a, 0x39, 0x0d, 0x23, 0x0d, 0x39, 0x1d, 0x25, 0x7f, 0x39,
  0xed, 0x5f, 0x3d, 0x39, 0x18, 0x12, 0xe7, 0x38, 0xf9, 0x2a, 0x7f, 0x39,
  0x7d, 0x2f, 0xa6, 0x39, 0xaf, 0x80, 0xb0, 0x39, 0xba, 0xa0, 0x17, 0x39,
  0xd5, 0x84, 0x17, 0x39, 0xd5, 0xc5, 0x52, 0x39, 0x1a, 0x68, 0x17, 0x39,
  0x28, 0x64, 0x9f, 0x39, 0x4e, 0xb5, 0x35, 0x39, 0x7f, 0xc5, 0x48, 0x39,
  0x3e, 0xb4, 0xf6, 0x38, 0xd9, 0xed, 0x92, 0x38, 0x9d, 0x76, 0xf4, 0x38,
  0x13, 0x00, 0x00, 0x00, 0x74, 0x66, 0x6c, 0x2e, 0x70, 0x73, 0x65, 0x75,
  0x64, 0x6f, 0x5f, 0x71, 0x63, 0x6f, 0x6e, 0x73, 0x74, 0x31, 0x30, 0x00,
  0x01, 0x00, 0x00, 0x00, 0x24, 0x00, 0x00, 0x00, 0xce, 0xf5, 0xff, 0xff,
  0x00, 0x00, 0x00, 0x01, 0x14, 0x00, 0x00, 0x00, 0x48, 0x01, 0x00, 0x00,
  0x0b, 0x00, 0x00, 0x00, 0x00, 0x00, 0x00, 0x09, 0x54, 0x01, 0x00, 0x00,
  0x2c, 0xf5, 0xff, 0xff, 0x08, 0x00, 0x00, 0x00, 0xcc, 0x00, 0x00, 0x00,
  0x18, 0x00, 0x00, 0x00, 0x00, 0x00, 0x00, 0x00, 0x00, 0x00, 0x00, 0x00,
  0x00, 0x00, 0x00, 0x00, 0x00, 0x00, 0x00, 0x00, 0x00, 0x00, 0x00, 0x00,
  0x00, 0x00, 0x00, 0x00, 0x00, 0x00, 0x00, 0x00, 0x00, 0x00, 0x00, 0x00,
  0x00, 0x00, 0x00, 0x00, 0x00, 0x00, 0x00, 0x00, 0x00, 0x00, 0x00, 0x00,
  0x00, 0x00, 0x00, 0x00, 0x00, 0x00, 0x00, 0x00, 0x00, 0x00, 0x00, 0x00,
  0x00, 0x00, 0x00, 0x00, 0x00, 0x00, 0x00, 0x00, 0x00, 0x00, 0x00, 0x00,
  0x00, 0x00, 0x00, 0x00, 0x00, 0x00, 0x00, 0x00, 0x00, 0x00, 0x00, 0x00,
  0x00, 0x00, 0x00, 0x00, 0x00, 0x00, 0x00, 0x00, 0x00, 0x00, 0x00, 0x00,
  0x00, 0x00, 0x00, 0x00, 0x00, 0x00, 0x00, 0x00, 0x00, 0x00, 0x00, 0x00,
  0x00, 0x00, 0x00, 0x00, 0x00, 0x00, 0x00, 0x00, 0x00, 0x00, 0x00, 0x00,
  0x00, 0x00, 0x00, 0x00, 0x00, 0x00, 0x00, 0x00, 0x00, 0x00, 0x00, 0x00,
  0x00, 0x00, 0x00, 0x00, 0x00, 0x00, 0x00, 0x00, 0x00, 0x00, 0x00, 0x00,
  0x00, 0x00, 0x00, 0x00, 0x00, 0x00, 0x00, 0x00, 0x00, 0x00, 0x00, 0x00,
  0x00, 0x00, 0x00, 0x00, 0x00, 0x00, 0x00, 0x00, 0x00, 0x00, 0x00, 0x00,
  0x00, 0x00, 0x00, 0x00, 0x00, 0x00, 0x00, 0x00, 0x00, 0x00, 0x00, 0x00,
  0x00, 0x00, 0x00, 0x00, 0x00, 0x00, 0x00, 0x00, 0x00, 0x00, 0x00, 0x00,
  0x00, 0x00, 0x00, 0x00, 0x00, 0x00, 0x00, 0x00, 0x18, 0x00, 0x00, 0x00,
  0x56, 0x4f, 0x4e, 0x3b, 0x70, 0xbd, 0x18, 0x3b, 0x88, 0x2a, 0x95, 0x3b,
  0xda, 0xf0, 0x4b, 0x3b, 0x3c, 0x02, 0xa1, 0x3b, 0x31, 0x55, 0xab, 0x3b,
  0xfa, 0xb2, 0x81, 0x3b, 0x16, 0xdf, 0xb7, 0x3b, 0xa4, 0x8d, 0x89, 0x3b,
  0x84, 0xbc, 0x58, 0x3b, 0x52, 0x8c, 0x83, 0x3b, 0xff, 0x20, 0x7c, 0x3b,
  0x61, 0x39, 0x22, 0x3b, 0x75, 0x1d, 0x6e, 0x3b, 0xe3, 0x8a, 0x79, 0x3b,
  0x66, 0x8b, 0x60, 0x3b, 0x10, 0xd9, 0x44, 0x3b, 0x00, 0x14, 0x3a, 0x3b,
  0xf4, 0x85, 0x6e, 0x3b, 0xf6, 0x15, 0x27, 0x3b, 0x10, 0xbb, 0x80, 0x3b,
  0x29, 0x42, 0x4f, 0x3b, 0x3a, 0x99, 0x40, 0x3b, 0x00, 0xa2, 0x05, 0x3c,
  0x12, 0x00, 0x00, 0x00, 0x74, 0x66, 0x6c, 0x2e, 0x70, 0x73, 0x65, 0x75,
  0x64, 0x6f, 0x5f, 0x71, 0x63, 0x6f, 0x6e, 0x73, 0x74, 0x39, 0x00, 0x00,
  0x04, 0x00, 0x00, 0x00, 0x18, 0x00, 0x00, 0x00, 0x01, 0x00, 0x00, 0x00,
  0x01, 0x00, 0x00, 0x00, 0x24, 0x00, 0x00, 0x00, 0x4e, 0xf7, 0xff, 0xff,
  0x00, 0x00, 0x00, 0x01, 0x14, 0x00, 0x00, 0x00, 0x44, 0x01, 0x00, 0x00,
  0x0a, 0x00, 0x00, 0x00, 0x00, 0x00, 0x00, 0x02, 0x50, 0x01, 0x00, 0x00,
  0xac, 0xf6, 0xff, 0xff, 0x08, 0x00, 0x00, 0x00, 0xc8, 0x00, 0x00, 0x00,
  0x18, 0x00, 0x00, 0x00, 0x00, 0x00, 0x00, 0x00, 0x00, 0x00, 0x00, 0x00,
  0x00, 0x00, 0x00, 0x00, 0x00, 0x00, 0x00, 0x00, 0x00, 0x00, 0x00, 0x00,
  0x00, 0x00, 0x00, 0x00, 0x00, 0x00, 0x00, 0x00, 0x00, 0x00, 0x00, 0x00,
  0x00, 0x00, 0x00, 0x00, 0x00, 0x00, 0x00, 0x00, 0x00, 0x00, 0x00, 0x00,
  0x00, 0x00, 0x00, 0x00, 0x00, 0x00, 0x00, 0x00, 0x00, 0x00, 0x00, 0x00,
  0x00, 0x00, 0x00, 0x00, 0x00, 0x00, 0x00, 0x00, 0x00, 0x00, 0x00, 0x00,
  0x00, 0x00, 0x00, 0x00, 0x00, 0x00, 0x00, 0x00, 0x00, 0x00, 0x00, 0x00,
  0x00, 0x00, 0x00, 0x00, 0x00, 0x00, 0x00, 0x00, 0x00, 0x00, 0x00, 0x00,
  0x00, 0x00, 0x00, 0x00, 0x00, 0x00, 0x00, 0x00, 0x00, 0x00, 0x00, 0x00,
  0x00, 0x00, 0x00, 0x00, 0x00, 0x00, 0x00, 0x00, 0x00, 0x00, 0x00, 0x00,
  0x00, 0x00, 0x00, 0x00, 0x00, 0x00, 0x00, 0x00, 0x00, 0x00, 0x00, 0x00,
  0x00, 0x00, 0x00, 0x00, 0x00, 0x00, 0x00, 0x00, 0x00, 0x00, 0x00, 0x00,
  0x00, 0x00, 0x00, 0x00, 0x00, 0x00, 0x00, 0x00, 0x00, 0x00, 0x00, 0x00,
  0x00, 0x00, 0x00, 0x00, 0x00, 0x00, 0x00, 0x00, 0x00, 0x00, 0x00, 0x00,
  0x00, 0x00, 0x00, 0x00, 0x00, 0x00, 0x00, 0x00, 0x00, 0x00, 0x00, 0x00,
  0x00, 0x00, 0x00, 0x00, 0x00, 0x00, 0x00, 0x00, 0x00, 0x00, 0x00, 0x00,
  0x00, 0x00, 0x00, 0x00, 0x18, 0x00, 0x00, 0x00, 0xd8, 0x56, 0x9b, 0x38,
  0x2a, 0x02, 0x66, 0x38, 0x6d, 0xa0, 0xe0, 0x38, 0x32, 0x8e, 0x99, 0x38,
  0xd0, 0x75, 0xf2, 0x38, 0xe6, 0x00, 0x01, 0x39, 0xc7, 0x4f, 0xc3, 0x38,
  0xc2, 0x71, 0x0a, 0x39, 0x9a, 0x23, 0xcf, 0x38, 0x94, 0x30, 0xa3, 0x38,
  0x94, 0x18, 0xc6, 0x38, 0x96, 0xd6, 0xbd, 0x38, 0x5c, 0x4a, 0x74, 0x38,
  0x61, 0x49, 0xb3, 0x38, 0x0f, 0xe4, 0xbb, 0x38, 0x9e, 0x11, 0xa9, 0x38,
  0x03, 0x37, 0x94, 0x38, 0x1b, 0x1b, 0x8c, 0x38, 0x0f, 0x98, 0xb3, 0x38,
  0x8e, 0x9c, 0x7b, 0x38, 0x73, 0xda, 0xc1, 0x38, 0xad, 0x0d, 0x9c, 0x38,
  0xf0, 0x03, 0x91, 0x38, 0x3c, 0x3c, 0x49, 0x39, 0x12, 0x00, 0x00, 0x00,
  0x74, 0x66, 0x6c, 0x2e, 0x70, 0x73, 0x65, 0x75, 0x64, 0x6f, 0x5f, 0x71,
  0x63, 0x6f, 0x6e, 0x73, 0x74, 0x38, 0x00, 0x00, 0x01, 0x00, 0x00, 0x00,
  0x18, 0x00, 0x00, 0x00, 0x00, 0x00, 0x16, 0x00, 0x1e, 0x00, 0x18, 0x00,
  0x17, 0x00, 0x10, 0x00, 0x0c, 0x00, 0x08, 0x00, 0x00, 0x00, 0x00, 0x00,
  0x00, 0x00, 0x07, 0x00, 0x16, 0x00, 0x00, 0x00, 0x00, 0x00, 0x00, 0x01,
  0x28, 0x00, 0x00, 0x00, 0x60, 0x01, 0x00, 0x00, 0x09, 0x00, 0x00, 0x00,
  0x00, 0x00, 0x00, 0x09, 0x6c, 0x01, 0x00, 0x00, 0x00, 0x00, 0x12, 0x00,
  0x10, 0x00, 0x00, 0x00, 0x00, 0x00, 0x0c, 0x00, 0x08, 0x00, 0x00, 0x00,
  0x00, 0x00, 0x04, 0x00, 0x12, 0x00, 0x00, 0x00, 0x03, 0x00, 0x00, 0x00,
  0x08, 0x00, 0x00, 0x00, 0xcc, 0x00, 0x00, 0x00, 0x18, 0x00, 0x00, 0x00,
  0x00, 0x00, 0x00, 0x00, 0x00, 0x00, 0x00, 0x00, 0x00, 0x00, 0x00, 0x00,
  0x00, 0x00, 0x00, 0x00, 0x00, 0x00, 0x00, 0x00, 0x00, 0x00, 0x00, 0x00,
  0x00, 0x00, 0x00, 0x00, 0x00, 0x00, 0x00, 0x00, 0x00, 0x00, 0x00, 0x00,
  0x00, 0x00, 0x00, 0x00, 0x00, 0x00, 0x00, 0x00, 0x00, 0x00, 0x00, 0x00,
  0x00, 0x00, 0x00, 0x00, 0x00, 0x00, 0x00, 0x00, 0x00, 0x00, 0x00, 0x00,
  0x00, 0x00, 0x00, 0x00, 0x00, 0x00, 0x00, 0x00, 0x00, 0x00, 0x00, 0x00,
  0x00, 0x00, 0x00, 0x00, 0x00, 0x00, 0x00, 0x00, 0x00, 0x00, 0x00, 0x00,
  0x00, 0x00, 0x00, 0x00, 0x00, 0x00, 0x00, 0x00, 0x00, 0x00, 0x00, 0x00,
  0x00, 0x00, 0x00, 0x00, 0x00, 0x00, 0x00, 0x00, 0x00, 0x00, 0x00, 0x00,
  0x00, 0x00, 0x00, 0x00, 0x00, 0x00, 0x00, 0x00, 0x00, 0x00, 0x00, 0x00,
  0x00, 0x00, 0x00, 0x00, 0x00, 0x00, 0x00, 0x00, 0x00, 0x00, 0x00, 0x00,
  0x00, 0x00, 0x00, 0x00, 0x00, 0x00, 0x00, 0x00, 0x00, 0x00, 0x00, 0x00,
  0x00, 0x00, 0x00, 0x00, 0x00, 0x00, 0x00, 0x00, 0x00, 0x00, 0x00, 0x00,
  0x00, 0x00, 0x00, 0x00, 0x00, 0x00, 0x00, 0x00, 0x00, 0x00, 0x00, 0x00,
  0x00, 0x00, 0x00, 0x00, 0x00, 0x00, 0x00, 0x00, 0x00, 0x00, 0x00, 0x00,
  0x00, 0x00, 0x00, 0x00, 0x00, 0x00, 0x00, 0x00, 0x00, 0x00, 0x00, 0x00,
  0x00, 0x00, 0x00, 0x00, 0x18, 0x00, 0x00, 0x00, 0xd7, 0xf7, 0xb8, 0x3b,
  0x70, 0x28, 0x8a, 0x3b, 0x92, 0x3a, 0x85, 0x3b, 0xc4, 0xa9, 0x83, 0x3b,
  0x9b, 0x5b, 0x8f, 0x3b, 0x54, 0xd7, 0x2d, 0x3b, 0x34, 0xc6, 0x70, 0x3b,
  0x3a, 0x88, 0x05, 0x3c, 0x31, 0x02, 0x4e, 0x3b, 0xe3, 0x73, 0xc8, 0x3b,
  0x02, 0x90, 0x8e, 0x3b, 0xc4, 0xda, 0xbd, 0x3b, 0x47, 0x58, 0xa0, 0x3b,
  0xca, 0xbd, 0x88, 0x3b, 0x92, 0x30, 0x56, 0x3b, 0x1b, 0xbe, 0x10, 0x3b,
  0x95, 0x23, 0x02, 0x3c, 0x0b, 0x31, 0x8f, 0x3b, 0xb6, 0x2c, 0x36, 0x3b,
  0x39, 0xd1, 0x70, 0x3b, 0x80, 0xd3, 0xfe, 0x3a, 0x28, 0x32, 0x4e, 0x3b,
  0x8c, 0xf5, 0x8c, 0x3b, 0xc7, 0x93, 0xd3, 0x3b, 0x12, 0x00, 0x00, 0x00,
  0x74, 0x66, 0x6c, 0x2e, 0x70, 0x73, 0x65, 0x75, 0x64, 0x6f, 0x5f, 0x71,
  0x63, 0x6f, 0x6e, 0x73, 0x74, 0x37, 0x00, 0x00, 0x04, 0x00, 0x00, 0x00,
  0x01, 0x00, 0x00, 0x00, 0x03, 0x00, 0x00, 0x00, 0x03, 0x00, 0x00, 0x00,
  0x18, 0x00, 0x00, 0x00, 0x6e, 0xfa, 0xff, 0xff, 0x00, 0x00, 0x00, 0x01,
  0x14, 0x00, 0x00, 0x00, 0x44, 0x01, 0x00, 0x00, 0x08, 0x00, 0x00, 0x00,
  0x00, 0x00, 0x00, 0x02, 0x50, 0x01, 0x00, 0x00, 0xcc, 0xf9, 0xff, 0xff,
  0x08, 0x00, 0x00, 0x00, 0xc8, 0x00, 0x00, 0x00, 0x18, 0x00, 0x00, 0x00,
  0x00, 0x00, 0x00, 0x00, 0x00, 0x00, 0x00, 0x00, 0x00, 0x00, 0x00, 0x00,
  0x00, 0x00, 0x00, 0x00, 0x00, 0x00, 0x00, 0x00, 0x00, 0x00, 0x00, 0x00,
  0x00, 0x00, 0x00, 0x00, 0x00, 0x00, 0x00, 0x00, 0x00, 0x00, 0x00, 0x00,
  0x00, 0x00, 0x00, 0x00, 0x00, 0x00, 0x00, 0x00, 0x00, 0x00, 0x00, 0x00,
  0x00, 0x00, 0x00, 0x00, 0x00, 0x00, 0x00, 0x00, 0x00, 0x00, 0x00, 0x00,
  0x00, 0x00, 0x00, 0x00, 0x00, 0x00, 0x00, 0x00, 0x00, 0x00, 0x00, 0x00,
  0x00, 0x00, 0x00, 0x00, 0x00, 0x00, 0x00, 0x00, 0x00, 0x00, 0x00, 0x00,
  0x00, 0x00, 0x00, 0x00, 0x00, 0x00, 0x00, 0x00, 0x00, 0x00, 0x00, 0x00,
  0x00, 0x00, 0x00, 0x00, 0x00, 0x00, 0x00, 0x00, 0x00, 0x00, 0x00, 0x00,
  0x00, 0x00, 0x00, 0x00, 0x00, 0x00, 0x00, 0x00, 0x00, 0x00, 0x00, 0x00,
  0x00, 0x00, 0x00, 0x00, 0x00, 0x00, 0x00, 0x00, 0x00, 0x00, 0x00, 0x00,
  0x00, 0x00, 0x00, 0x00, 0x00, 0x00, 0x00, 0x00, 0x00, 0x00, 0x00, 0x00,
  0x00, 0x00, 0x00, 0x00, 0x00, 0x00, 0x00, 0x00, 0x00, 0x00, 0x00, 0x00,
  0x00, 0x00, 0x00, 0x00, 0x00, 0x00, 0x00, 0x00, 0x00, 0x00, 0x00, 0x00,
  0x00, 0x00, 0x00, 0x00, 0x00, 0x00, 0x00, 0x00, 0x00, 0x00, 0x00, 0x00,
  0x00, 0x00, 0x00, 0x00, 0x00, 0x00, 0x00, 0x00, 0x00, 0x00, 0x00, 0x00,
  0x18, 0x00, 0x00, 0x00, 0x27, 0x45, 0x0b, 0x39, 0xb5, 0x0c, 0xd0, 0x38,
  0x7c, 0xa0, 0xc8, 0x38, 0xeb, 0x44, 0xc6, 0x38, 0x4a, 0xe1, 0xd7, 0x38,
  0x64, 0xe4, 0x82, 0x38, 0xf1, 0x49, 0xb5, 0x38, 0x6d, 0x15, 0x49, 0x39,
  0xc2, 0x1c, 0x9b, 0x38, 0xd8, 0xed, 0x16, 0x39, 0xb2, 0xae, 0xd6, 0x38,
  0x06, 0xf3, 0x0e, 0x39, 0xe1, 0x75, 0xf1, 0x38, 0x9a, 0xea, 0xcd, 0x38,
  0xb3, 0x45, 0xa1, 0x38, 0x20, 0xf7, 0x59, 0x38, 0x59, 0xf9, 0x43, 0x39,
  0x32, 0xa1, 0xd7, 0x38, 0xb3, 0x2a, 0x89, 0x38, 0x3d, 0x52, 0xb5, 0x38,
  0x7f, 0xde, 0x3f, 0x38, 0xdf, 0x40, 0x9b, 0x38, 0x97, 0x44, 0xd4, 0x38,
  0x24, 0x4e, 0x1f, 0x39, 0x12, 0x00, 0x00, 0x00, 0x74, 0x66, 0x6c, 0x2e,
  0x70, 0x73, 0x65, 0x75, 0x64, 0x6f, 0x5f, 0x71, 0x63, 0x6f, 0x6e, 0x73,
  0x74, 0x36, 0x00, 0x00, 0x01, 0x00, 0x00, 0x00, 0x18, 0x00, 0x00, 0x00,
  0xde, 0xfb, 0xff, 0xff, 0x00, 0x00, 0x00, 0x01, 0x14, 0x00, 0x00, 0x00,
  0x48, 0x01, 0x00, 0x00, 0x07, 0x00, 0x00, 0x00, 0x00, 0x00, 0x00, 0x09,
  0x54, 0x01, 0x00, 0x00, 0x3c, 0xfb, 0xff, 0xff, 0x08, 0x00, 0x00, 0x00,
  0xcc, 0x00, 0x00, 0x00, 0x18, 0x00, 0x00, 0x00, 0x00, 0x00, 0x00, 0x00,
  0x00, 0x00, 0x00, 0x00, 0x00, 0x00, 0x00, 0x00, 0x00, 0x00, 0x00, 0x00,
  0x00, 0x00, 0x00, 0x00, 0x00, 0x00, 0x00, 0x00, 0x00, 0x00, 0x00, 0x00,
  0x00, 0x00, 0x00, 0x00, 0x00, 0x00, 0x00, 0x00, 0x00, 0x00, 0x00, 0x00,
  0x00, 0x00, 0x00, 0x00, 0x00, 0x00, 0x00, 0x00, 0x00, 0x00, 0x00, 0x00,
  0x00, 0x00, 0x00, 0x00, 0x00, 0x00, 0x00, 0x00, 0x00, 0x00, 0x00, 0x00,
  0x00, 0x00, 0x00, 0x00, 0x00, 0x00, 0x00, 0x00, 0x00, 0x00, 0x00, 0x00,
  0x00, 0x00, 0x00, 0x00, 0x00, 0x00, 0x00, 0x00, 0x00, 0x00, 0x00, 0x00,
  0x00, 0x00, 0x00, 0x00, 0x00, 0x00, 0x00, 0x00, 0x00, 0x00, 0x00, 0x00,
  0x00, 0x00, 0x00, 0x00, 0x00, 0x00, 0x00, 0x00, 0x00, 0x00, 0x00, 0x00,
  0x00, 0x00, 0x00, 0x00, 0x00, 0x00, 0x00, 0x00, 0x00, 0x00, 0x00, 0x00,
  0x00, 0x00, 0x00, 0x00, 0x00, 0x00, 0x00, 0x00, 0x00, 0x00, 0x00, 0x00,
  0x00, 0x00, 0x00, 0x00, 0x00, 0x00, 0x00, 0x00, 0x00, 0x00, 0x00, 0x00,
  0x00, 0x00, 0x00, 0x00, 0x00, 0x00, 0x00, 0x00, 0x00, 0x00, 0x00, 0x00,
  0x00, 0x00, 0x00, 0x00, 0x00, 0x00, 0x00, 0x00, 0x00, 0x00, 0x00, 0x00,
  0x00, 0x00, 0x00, 0x00, 0x00, 0x00, 0x00, 0x00, 0x00, 0x00, 0x00, 0x00,
  0x00, 0x00, 0x00, 0x00, 0x00, 0x00, 0x00, 0x00, 0x00, 0x00, 0x00, 0x00,
  0x18, 0x00, 0x00, 0x00, 0xfd, 0x56, 0x64, 0x3b, 0x7d, 0xae, 0x5d, 0x3b,
  0xdc, 0xbe, 0x94, 0x3b, 0xad, 0x52, 0x87, 0x3b, 0x0b, 0x92, 0xe2, 0x3b,
  0x6b, 0xe2, 0xfd, 0x3b, 0x50, 0x02, 0xa1, 0x3b, 0x56, 0xdc, 0x8c, 0x3b,
  0x9d, 0x6e, 0xb9, 0x3b, 0x59, 0x83, 0xb7, 0x3b, 0x9a, 0xb2, 0xdd, 0x3b,
  0xbb, 0x05, 0xa1, 0x3b, 0x1a, 0x3d, 0xaf, 0x3b, 0x1a, 0x01, 0xa2, 0x3b,
  0x86, 0xbe, 0xbc, 0x3b, 0x76, 0x90, 0x7c, 0x3b, 0xcd, 0xae, 0xbd, 0x3b,
  0x92, 0x4d, 0x9a, 0x3b, 0x24, 0xe1, 0x91, 0x3b, 0xe2, 0x0c, 0xad, 0x3b,
  0xa7, 0xdd, 0x67, 0x3b, 0x2f, 0x94, 0x98, 0x3b, 0xd1, 0x2b, 0x85, 0x3b,
  0xe9, 0x83, 0x99, 0x3b, 0x12, 0x00, 0x00, 0x00, 0x74, 0x66, 0x6c, 0x2e,
  0x70, 0x73, 0x65, 0x75, 0x64, 0x6f, 0x5f, 0x71, 0x63, 0x6f, 0x6e, 0x73,
  0x74, 0x35, 0x00, 0x00, 0x04, 0x00, 0x00, 0x00, 0x18, 0x00, 0x00, 0x00,
  0x01, 0x00, 0x00, 0x00, 0x01, 0x00, 0x00, 0x00, 0x18, 0x00, 0x00, 0x00,
  0x5e, 0xfd, 0xff, 0xff, 0x00, 0x00, 0x00, 0x01, 0x14, 0x00, 0x00, 0x00,
  0x44, 0x01, 0x00, 0x00, 0x06, 0x00, 0x00, 0x00, 0x00, 0x00, 0x00, 0x02,
  0x50, 0x01, 0x00, 0x00, 0xbc, 0xfc, 0xff, 0xff, 0x08, 0x00, 0x00, 0x00,
  0xc8, 0x00, 0x00, 0x00, 0x18, 0x00, 0x00, 0x00, 0x00, 0x00, 0x00, 0x00,
  0x00, 0x00, 0x00, 0x00, 0x00, 0x00, 0x00, 0x00, 0x00, 0x00, 0x00, 0x00,
  0x00, 0x00, 0x00, 0x00, 0x00, 0x00, 0x00, 0x00, 0x00, 0x00, 0x00, 0x00,
  0x00, 0x00, 0x00, 0x00, 0x00, 0x00, 0x00, 0x00, 0x00, 0x00, 0x00, 0x00,
  0x00, 0x00, 0x00, 0x00, 0x00, 0x00, 0x00, 0x00, 0x00, 0x00, 0x00, 0x00,
  0x00, 0x00, 0x00, 0x00, 0x00, 0x00, 0x00, 0x00, 0x00, 0x00, 0x00, 0x00,
  0x00, 0x00, 0x00, 0x00, 0x00, 0x00, 0x00, 0x00, 0x00, 0x00, 0x00, 0x00,
  0x00, 0x00, 0x00, 0x00, 0x00, 0x00, 0x00, 0x00, 0x00, 0x00, 0x00, 0x00,
  0x00, 0x00, 0x00, 0x00, 0x00, 0x00, 0x00, 0x00, 0x00, 0x00, 0x00, 0x00,
  0x00, 0x00, 0x00, 0x00, 0x00, 0x00, 0x00, 0x00, 0x00, 0x00, 0x00, 0x00,
  0x00, 0x00, 0x00, 0x00, 0x00, 0x00, 0x00, 0x00, 0x00, 0x00, 0x00, 0x00,
  0x00, 0x00, 0x00, 0x00, 0x00, 0x00, 0x00, 0x00, 0x00, 0x00, 0x00, 0x00,
  0x00, 0x00, 0x00, 0x00, 0x00, 0x00, 0x00, 0x00, 0x00, 0x00, 0x00, 0x00,
  0x00, 0x00, 0x00, 0x00, 0x00, 0x00, 0x00, 0x00, 0x00, 0x00, 0x00, 0x00,
  0x00, 0x00, 0x00, 0x00, 0x00, 0x00, 0x00, 0x00, 0x00, 0x00, 0x00, 0x00,
  0x00, 0x00, 0x00, 0x00, 0x00, 0x00, 0x00, 0x00, 0x00, 0x00, 0x00, 0x00,
  0x00, 0x00, 0x00, 0x00, 0x00, 0x00, 0x00, 0x00, 0x18, 0x00, 0x00, 0x00,
  0x2b, 0xed, 0xab, 0x38, 0xc8, 0xe9, 0xa6, 0x38, 0x49, 0xfe, 0xdf, 0x38,
  0xcc, 0xc7, 0xcb, 0x38, 0x21, 0x98, 0x2a, 0x39, 0xf9, 0x28, 0x3f, 0x39,
  0xee, 0x75, 0xf2, 0x38, 0xa0, 0x1e, 0xd4, 0x38, 0x95, 0x9e, 0x0b, 0x39,
  0xb0, 0x2c, 0x0a, 0x39, 0xe1, 0xec, 0x26, 0x39, 0x14, 0x7b, 0xf2, 0x38,
  0xc5, 0xf1, 0x03, 0x39, 0x9d, 0xf5, 0xf3, 0x38, 0x02, 0x1d, 0x0e, 0x39,
  0x83, 0x2a, 0xbe, 0x38, 0xec, 0xd1, 0x0e, 0x39, 0xb8, 0x5c, 0xe8, 0x38,
  0x64, 0xad, 0xdb, 0x38, 0xf6, 0x4b, 0x02, 0x39, 0xd2, 0x94, 0xae, 0x38,
  0x0b, 0xc4, 0xe5, 0x38, 0x44, 0x8a, 0xc8, 0x38, 0x0b, 0x2d, 0xe7, 0x38,
  0x12, 0x00, 0x00, 0x00, 0x74, 0x66, 0x6c, 0x2e, 0x70, 0x73, 0x65, 0x75,
  0x64, 0x6f, 0x5f, 0x71, 0x63, 0x6f, 0x6e, 0x73, 0x74, 0x34, 0x00, 0x00,
  0x01, 0x00, 0x00, 0x00, 0x18, 0x00, 0x00, 0x00, 0xce, 0xfe, 0xff, 0xff,
  0x00, 0x00, 0x00, 0x01, 0x14, 0x00, 0x00, 0x00, 0x30, 0x00, 0x00, 0x00,
  0x05, 0x00, 0x00, 0x00, 0x00, 0x00, 0x00, 0x09, 0x3c, 0x00, 0x00, 0x00,
  0x2c, 0xfe, 0xff, 0xff, 0x08, 0x00, 0x00, 0x00, 0x10, 0x00, 0x00, 0x00,
  0x01, 0x00, 0x00, 0x00, 0x00, 0x00, 0x00, 0x00, 0x00, 0x00, 0x00, 0x00,
  0x01, 0x00, 0x00, 0x00, 0x84, 0xaa, 0xca, 0x3b, 0x12, 0x00, 0x00, 0x00,
  0x74, 0x66, 0x6c, 0x2e, 0x70, 0x73, 0x65, 0x75, 0x64, 0x6f, 0x5f, 0x71,
  0x63, 0x6f, 0x6e, 0x73, 0x74, 0x33, 0x00, 0x00, 0x04, 0x00, 0x00, 0x00,
  0x01, 0x00, 0x00, 0x00, 0x01, 0x00, 0x00, 0x00, 0x01, 0x00, 0x00, 0x00,
  0x18, 0x00, 0x00, 0x00, 0x36, 0xff, 0xff, 0xff, 0x00, 0x00, 0x00, 0x01,
  0x14, 0x00, 0x00, 0x00, 0x34, 0x00, 0x00, 0x00, 0x04, 0x00, 0x00, 0x00,
  0x00, 0x00, 0x00, 0x02, 0x40, 0x00, 0x00, 0x00, 0x94, 0xfe, 0xff, 0xff,
  0x08, 0x00, 0x00, 0x00, 0x14, 0x00, 0x00, 0x00, 0x01, 0x00, 0x00, 0x00,
  0x00, 0x00, 0x00, 0x00, 0x00, 0x00, 0x00, 0x00, 0x00, 0x00, 0x00, 0x00,
  0x01, 0x00, 0x00, 0x00, 0x7c, 0x98, 0x18, 0x39, 0x12, 0x00, 0x00, 0x00,
  0x74, 0x66, 0x6c, 0x2e, 0x70, 0x73, 0x65, 0x75, 0x64, 0x6f, 0x5f, 0x71,
  0x63, 0x6f, 0x6e, 0x73, 0x74, 0x32, 0x00, 0x00, 0x01, 0x00, 0x00, 0x00,
  0x01, 0x00, 0x00, 0x00, 0x96, 0xff, 0xff, 0xff, 0x00, 0x00, 0x00, 0x01,
  0x14, 0x00, 0x00, 0x00, 0x30, 0x00, 0x00, 0x00, 0x03, 0x00, 0x00, 0x00,
  0x00, 0x00, 0x00, 0x09, 0x3c, 0x00, 0x00, 0x00, 0xf4, 0xfe, 0xff, 0xff,
  0x08, 0x00, 0x00, 0x00, 0x10, 0x00, 0x00, 0x00, 0x01, 0x00, 0x00, 0x00,
  0x00, 0x00, 0x00, 0x00, 0x00, 0x00, 0x00, 0x00, 0x01, 0x00, 0x00, 0x00,
  0xd4, 0x97, 0x95, 0x3b, 0x12, 0x00, 0x00, 0x00, 0x74, 0x66, 0x6c, 0x2e,
  0x70, 0x73, 0x65, 0x75, 0x64, 0x6f, 0x5f, 0x71, 0x63, 0x6f, 0x6e, 0x73,
  0x74, 0x31, 0x00, 0x00, 0x04, 0x00, 0x00, 0x00, 0x01, 0x00, 0x00, 0x00,
  0x01, 0x00, 0x00, 0x00, 0x01, 0x00, 0x00, 0x00, 0x18, 0x00, 0x00, 0x00,
  0x00, 0x00, 0x16, 0x00, 0x1c, 0x00, 0x18, 0x00, 0x17, 0x00, 0x10, 0x00,
  0x0c, 0x00, 0x08, 0x00, 0x00, 0x00, 0x00, 0x00, 0x00, 0x00, 0x07, 0x00,
  0x16, 0x00, 0x00, 0x00, 0x00, 0x00, 0x00, 0x01, 0x14, 0x00, 0x00, 0x00,
  0x30, 0x00, 0x00, 0x00, 0x02, 0x00, 0x00, 0x00, 0x00, 0x00, 0x00, 0x02,
  0x3c, 0x00, 0x00, 0x00, 0x74, 0xff, 0xff, 0xff, 0x08, 0x00, 0x00, 0x00,
  0x10, 0x00, 0x00, 0x00, 0x01, 0x00, 0x00, 0x00, 0x00, 0x00, 0x00, 0x00,
  0x00, 0x00, 0x00, 0x00, 0x01, 0x00, 0x00, 0x00, 0x03, 0x45, 0xe1, 0x38,
  0x11, 0x00, 0x00, 0x00, 0x74, 0x66, 0x6c, 0x2e, 0x70, 0x73, 0x65, 0x75,
  0x64, 0x6f, 0x5f, 0x71, 0x63, 0x6f, 0x6e, 0x73, 0x74, 0x00, 0x00, 0x00,
  0x01, 0x00, 0x00, 0x00, 0x01, 0x00, 0x00, 0x00, 0x00, 0x00, 0x16, 0x00,
  0x20, 0x00, 0x1c, 0x00, 0x1b, 0x00, 0x14, 0x00, 0x10, 0x00, 0x0c, 0x00,
  0x00, 0x00, 0x00, 0x00, 0x08, 0x00, 0x07, 0x00, 0x16, 0x00, 0x00, 0x00,
  0x00, 0x00, 0x00, 0x01, 0x18, 0x00, 0x00, 0x00, 0x34, 0x00, 0x00, 0x00,
  0x50, 0x00, 0x00, 0x00, 0x01, 0x00, 0x00, 0x00, 0x00, 0x00, 0x00, 0x09,
  0x60, 0x00, 0x00, 0x00, 0x04, 0x00, 0x00, 0x00, 0xff, 0xff, 0xff, 0xff,
  0x60, 0x00, 0x00, 0x00, 0x60, 0x00, 0x00, 0x00, 0x01, 0x00, 0x00, 0x00,
  0x0c, 0x00, 0x0c, 0x00, 0x00, 0x00, 0x00, 0x00, 0x08, 0x00, 0x04, 0x00,
  0x0c, 0x00, 0x00, 0x00, 0x08, 0x00, 0x00, 0x00, 0x10, 0x00, 0x00, 0x00,
  0x01, 0x00, 0x00, 0x00, 0xff, 0xff, 0xff, 0xff, 0xff, 0xff, 0xff, 0xff,
  0x01, 0x00, 0x00, 0x00, 0x81, 0x80, 0x00, 0x3c, 0x17, 0x00, 0x00, 0x00,
  0x73, 0x65, 0x72, 0x76, 0x69, 0x6e, 0x67, 0x5f, 0x64, 0x65, 0x66, 0x61,
  0x75, 0x6c, 0x74, 0x5f, 0x69, 0x6d, 0x61, 0x67, 0x65, 0x3a, 0x30, 0x00,
  0x04, 0x00, 0x00, 0x00, 0x01, 0x00, 0x00, 0x00, 0x60, 0x00, 0x00, 0x00,
  0x60, 0x00, 0x00, 0x00, 0x01, 0x00, 0x00, 0x00, 0x02, 0x00, 0x00, 0x00,
  0x24, 0x00, 0x00, 0x00, 0x04, 0x00, 0x00, 0x00, 0xf0, 0xff, 0xff, 0xff,
  0x04, 0x00, 0x00, 0x00, 0x03, 0x00, 0x00, 0x00, 0x00, 0x00, 0x00, 0x04,
  0x0c, 0x00, 0x10, 0x00, 0x0f, 0x00, 0x00, 0x00, 0x08, 0x00, 0x04, 0x00,
  0x0c, 0x00, 0x00, 0x00, 0x03, 0x00, 0x00, 0x00, 0x03, 0x00, 0x00, 0x00,
  0x00, 0x00, 0x00, 0x03,
};
extern const unsigned int g_paper_shadow_p4_model_data_len;
const unsigned int g_paper_shadow_p4_model_data_len = 24064;
